<?xml version = '1.0' encoding = 'UTF-8'?>
<FKIndexAssociation class="oracle.dbtools.crest.model.design.relational.FKIndexAssociation" directorySegmentName="seg_0" id="07305007-4A71-13CA-4233-4D415B091B82" containerWithKeyObject="FC7C9B2E-004C-E70D-604D-932FA99ACEFA" localFKIndex="A8A819D2-B753-D9C9-283C-071F0F811A45" name="MAQUINA_PLANTA_FKv2">
<createdBy>saulg</createdBy>
<createdTime>2025-10-12 16:06:16 UTC</createdTime>
<generatorID>83C53176-1198-C889-AB9D-FC3526FC32FF</generatorID>
<ownerDesignName>EFT_S9_Saul_gatica</ownerDesignName>
<referredTableLongName>PLANTA</referredTableLongName>
<deleteRule>NO ACTION</deleteRule>
<referredTableID>4B8100C8-1050-907C-7057-20B271B6EDBA</referredTableID>
<keyObject>EB709FD2-CC57-C125-E225-803C01A6D30E</keyObject>
<referredKeyID>EB709FD2-CC57-C125-E225-803C01A6D30E</referredKeyID>
<mandatory>true</mandatory>
<refColNames>id_planta</refColNames>
<transferable>true</transferable>
<rely>false</rely>
<columnDependencyConstraintGenerateInDDL>true</columnDependencyConstraintGenerateInDDL>
</FKIndexAssociation>