<?xml version = '1.0' encoding = 'UTF-8'?>
<FKIndexAssociation class="oracle.dbtools.crest.model.design.relational.FKIndexAssociation" directorySegmentName="seg_0" id="0EE7A4FF-8B3F-89C9-69BB-AEEB52337C75" containerWithKeyObject="A45CAC7A-A1DC-849D-D723-A4734F93B621" localFKIndex="EB34420D-6979-F52A-E762-2731A772417C" name="EMPLEADO_SALUD_FK">
<createdBy>saulg</createdBy>
<createdTime>2025-10-12 14:51:11 UTC</createdTime>
<generatorID>A891DD2E-5521-1251-F7C2-39C8504A45F2</generatorID>
<ownerDesignName>EFT_S9_Saul_gatica</ownerDesignName>
<referredTableLongName>SALUD</referredTableLongName>
<deleteRule>NO ACTION</deleteRule>
<referredTableID>85383383-1F24-AFFC-2134-B4B7E9E7675A</referredTableID>
<keyObject>0D929C3C-8A98-2B51-D866-73D98AF09BAC</keyObject>
<referredKeyID>0D929C3C-8A98-2B51-D866-73D98AF09BAC</referredKeyID>
<mandatory>true</mandatory>
<refColNames>id_salud</refColNames>
<transferable>true</transferable>
<rely>false</rely>
<columnDependencyConstraintGenerateInDDL>true</columnDependencyConstraintGenerateInDDL>
</FKIndexAssociation>