<?xml version = '1.0' encoding = 'UTF-8'?>
<FKIndexAssociation class="oracle.dbtools.crest.model.design.relational.FKIndexAssociation" directorySegmentName="seg_0" id="182F8B85-47FB-6B68-41CC-8D8D743DEEFC" containerWithKeyObject="4B8100C8-1050-907C-7057-20B271B6EDBA" localFKIndex="F45AA5AA-01CC-036D-E51C-5C63F9D53D93" name="PLANTA_COMUNA_FK">
<createdBy>saulg</createdBy>
<createdTime>2025-10-12 14:51:11 UTC</createdTime>
<generatorID>92F60E0E-C5C1-EC18-EDA3-49A9B481CF3E</generatorID>
<ownerDesignName>EFT_S9_Saul_gatica</ownerDesignName>
<referredTableLongName>COMUNA</referredTableLongName>
<deleteRule>NO ACTION</deleteRule>
<referredTableID>40DBF532-3942-6ADC-0759-FA8D83E2D761</referredTableID>
<keyObject>6F079E82-42E8-F0D4-99AB-A405DB876982</keyObject>
<referredKeyID>6F079E82-42E8-F0D4-99AB-A405DB876982</referredKeyID>
<mandatory>true</mandatory>
<refColNames>id_comuna</refColNames>
<transferable>true</transferable>
<rely>false</rely>
<columnDependencyConstraintGenerateInDDL>true</columnDependencyConstraintGenerateInDDL>
</FKIndexAssociation>