<?xml version = '1.0' encoding = 'UTF-8'?>
<FKIndexAssociation class="oracle.dbtools.crest.model.design.relational.FKIndexAssociation" directorySegmentName="seg_0" id="1B57811F-692F-8220-EB09-4D9202B4AC38" containerWithKeyObject="A45CAC7A-A1DC-849D-D723-A4734F93B621" localFKIndex="3C2AC3D2-FACD-349E-F2BE-C4062B91C36E" name="EMPLEADO_PLANTA_FK">
<createdBy>saulg</createdBy>
<createdTime>2025-10-12 14:51:11 UTC</createdTime>
<generatorID>8900CD10-EE2F-BA65-01B9-3CB2DED553FC</generatorID>
<ownerDesignName>EFT_S9_Saul_gatica</ownerDesignName>
<referredTableLongName>PLANTA</referredTableLongName>
<deleteRule>NO ACTION</deleteRule>
<referredTableID>4B8100C8-1050-907C-7057-20B271B6EDBA</referredTableID>
<keyObject>EB709FD2-CC57-C125-E225-803C01A6D30E</keyObject>
<referredKeyID>EB709FD2-CC57-C125-E225-803C01A6D30E</referredKeyID>
<mandatory>true</mandatory>
<refColNames>id_planta</refColNames>
<transferable>true</transferable>
<rely>false</rely>
<columnDependencyConstraintGenerateInDDL>true</columnDependencyConstraintGenerateInDDL>
</FKIndexAssociation>