<?xml version = '1.0' encoding = 'UTF-8'?>
<FKIndexAssociation class="oracle.dbtools.crest.model.design.relational.FKIndexAssociation" directorySegmentName="seg_0" id="2488E57D-DFCF-8509-1A29-4C2551FF585C" containerWithKeyObject="8869511C-4C47-9059-C57E-FCCA877F5DD2" localFKIndex="253B73EE-145A-AA74-FF00-1951E8BAA7BF" name="OPERARIO_EMPLEADO_FK">
<createdBy>saulg</createdBy>
<createdTime>2025-10-12 14:51:11 UTC</createdTime>
<generatorID>6E5BD3EC-FFF0-A92F-9AFA-CE0B2F1D93B9</generatorID>
<ownerDesignName>EFT_S9_Saul_gatica</ownerDesignName>
<referredTableLongName>EMPLEADO</referredTableLongName>
<arc>F07BA5A0-00B5-62A7-EEEF-28E700F3458C</arc>
<deleteRule>NO ACTION</deleteRule>
<referredTableID>A45CAC7A-A1DC-849D-D723-A4734F93B621</referredTableID>
<keyObject>5BF60FF6-57F8-D88C-2ED1-94009B7E18C4</keyObject>
<referredKeyID>5BF60FF6-57F8-D88C-2ED1-94009B7E18C4</referredKeyID>
<mandatory>true</mandatory>
<refColNames>id_empleado</refColNames>
<transferable>true</transferable>
<rely>false</rely>
<columnDependencyConstraintGenerateInDDL>true</columnDependencyConstraintGenerateInDDL>
</FKIndexAssociation>