<?xml version = '1.0' encoding = 'UTF-8'?>
<FKIndexAssociation class="oracle.dbtools.crest.model.design.relational.FKIndexAssociation" directorySegmentName="seg_0" id="30599423-4659-B313-161B-04A6BAA3F7C5" containerWithKeyObject="A45CAC7A-A1DC-849D-D723-A4734F93B621" localFKIndex="48BCED6E-FC61-2060-2327-31C845116000" name="EMPLEADO_EMPLEADO_FKv2">
<createdBy>saulg</createdBy>
<createdTime>2025-10-12 16:06:16 UTC</createdTime>
<generatorID>823BC5DD-545D-1C35-ECC8-56C8E58FB218</generatorID>
<ownerDesignName>EFT_S9_Saul_gatica</ownerDesignName>
<referredTableLongName>EMPLEADO</referredTableLongName>
<deleteRule>NO ACTION</deleteRule>
<referredTableID>A45CAC7A-A1DC-849D-D723-A4734F93B621</referredTableID>
<keyObject>5BF60FF6-57F8-D88C-2ED1-94009B7E18C4</keyObject>
<referredKeyID>5BF60FF6-57F8-D88C-2ED1-94009B7E18C4</referredKeyID>
<mandatory>true</mandatory>
<refColNames>id_empleado</refColNames>
<transferable>true</transferable>
<rely>false</rely>
<columnDependencyConstraintGenerateInDDL>true</columnDependencyConstraintGenerateInDDL>
</FKIndexAssociation>