<?xml version = '1.0' encoding = 'UTF-8'?>
<FKIndexAssociation class="oracle.dbtools.crest.model.design.relational.FKIndexAssociation" directorySegmentName="seg_0" id="31D7A918-5D6B-C4AA-58D8-5D54BCB8DAD3" containerWithKeyObject="1D8F6082-3B45-A9A3-52B6-4E00DAD71A71" localFKIndex="C3D1867B-6525-8108-3B5D-DA0BBC2C1932" name="ORDEN_MANTENCION_MAQUINA_FK">
<createdBy>saulg</createdBy>
<createdTime>2025-10-12 16:06:16 UTC</createdTime>
<generatorID>CE799352-3B94-4601-6235-876FCADEF467</generatorID>
<ownerDesignName>EFT_S9_Saul_gatica</ownerDesignName>
<referredTableLongName>MAQUINA</referredTableLongName>
<deleteRule>NO ACTION</deleteRule>
<referredTableID>FC7C9B2E-004C-E70D-604D-932FA99ACEFA</referredTableID>
<keyObject>1FF5795C-8809-EBC8-2AAF-35DBB5D67667</keyObject>
<referredKeyID>1FF5795C-8809-EBC8-2AAF-35DBB5D67667</referredKeyID>
<mandatory>true</mandatory>
<refColNames>n_maq,id_planta</refColNames>
<transferable>true</transferable>
<rely>false</rely>
<columnDependencyConstraintGenerateInDDL>true</columnDependencyConstraintGenerateInDDL>
</FKIndexAssociation>