<?xml version = '1.0' encoding = 'UTF-8'?>
<FKIndexAssociation class="oracle.dbtools.crest.model.design.relational.FKIndexAssociation" directorySegmentName="seg_0" id="3FECD01A-9BC9-11D2-9655-9A024FD209E6" containerWithKeyObject="C5A857E4-8C63-E78A-ABE9-A9A1BAA541EC" localFKIndex="D819A0E6-6546-55F6-09A1-260F03270E8B" name="AS_T_T_FK">
<createdBy>saulg</createdBy>
<createdTime>2025-10-12 14:51:11 UTC</createdTime>
<generatorID>9BE69225-739C-3C4D-2ABE-AA9C3AE7B7AC</generatorID>
<ownerDesignName>EFT_S9_Saul_gatica</ownerDesignName>
<referredTableLongName>TURNO</referredTableLongName>
<deleteRule>NO ACTION</deleteRule>
<referredTableID>6D0EEBBB-89B1-50CA-97E9-B4FF03FD3F11</referredTableID>
<keyObject>943D8922-1242-01E9-BED7-C299135C721F</keyObject>
<referredKeyID>943D8922-1242-01E9-BED7-C299135C721F</referredKeyID>
<mandatory>true</mandatory>
<refColNames>id_turno</refColNames>
<transferable>true</transferable>
<rely>false</rely>
<columnDependencyConstraintGenerateInDDL>true</columnDependencyConstraintGenerateInDDL>
</FKIndexAssociation>