<?xml version = '1.0' encoding = 'UTF-8'?>
<FKIndexAssociation class="oracle.dbtools.crest.model.design.relational.FKIndexAssociation" directorySegmentName="seg_0" id="4C794ECA-17B7-4555-EFF8-8CD04EB98549" containerWithKeyObject="C5A857E4-8C63-E78A-ABE9-A9A1BAA541EC" localFKIndex="7E4BDAAD-772E-A62F-B8F4-300A95EA53D2" name="ASIGNACION_TURNO_MAQUINA_FK">
<createdBy>saulg</createdBy>
<createdTime>2025-10-12 16:06:16 UTC</createdTime>
<generatorID>BE7DD495-A0F0-197B-48A2-DA880BBE29CF</generatorID>
<ownerDesignName>EFT_S9_Saul_gatica</ownerDesignName>
<referredTableLongName>MAQUINA</referredTableLongName>
<deleteRule>NO ACTION</deleteRule>
<referredTableID>FC7C9B2E-004C-E70D-604D-932FA99ACEFA</referredTableID>
<keyObject>1FF5795C-8809-EBC8-2AAF-35DBB5D67667</keyObject>
<referredKeyID>1FF5795C-8809-EBC8-2AAF-35DBB5D67667</referredKeyID>
<mandatory>true</mandatory>
<refColNames>n_maq,id_planta</refColNames>
<transferable>true</transferable>
<rely>false</rely>
<columnDependencyConstraintGenerateInDDL>true</columnDependencyConstraintGenerateInDDL>
</FKIndexAssociation>