<?xml version = '1.0' encoding = 'UTF-8'?>
<FKIndexAssociation class="oracle.dbtools.crest.model.design.relational.FKIndexAssociation" directorySegmentName="seg_0" id="528EF8DC-6804-6FB1-070E-46743B5A9CBD" containerWithKeyObject="40DBF532-3942-6ADC-0759-FA8D83E2D761" localFKIndex="8ABDFBE4-4A0C-4568-CD7B-852EE83868ED" name="COMUNA_Regionv1_FK">
<createdBy>saulg</createdBy>
<createdTime>2025-10-12 16:06:16 UTC</createdTime>
<generatorID>4BAA33E1-056F-AC93-FECE-8FDD3B976F11</generatorID>
<ownerDesignName>EFT_S9_Saul_gatica</ownerDesignName>
<referredTableLongName>Region</referredTableLongName>
<deleteRule>NO ACTION</deleteRule>
<referredTableID>E4B76F9D-7126-D258-0C0F-5ECBF9329B80</referredTableID>
<keyObject>D37DAB7B-66EA-78D3-8E81-433A01B00D57</keyObject>
<referredKeyID>D37DAB7B-66EA-78D3-8E81-433A01B00D57</referredKeyID>
<mandatory>true</mandatory>
<refColNames>id_region</refColNames>
<transferable>true</transferable>
<rely>false</rely>
<columnDependencyConstraintGenerateInDDL>true</columnDependencyConstraintGenerateInDDL>
</FKIndexAssociation>