<?xml version = '1.0' encoding = 'UTF-8'?>
<FKIndexAssociation class="oracle.dbtools.crest.model.design.relational.FKIndexAssociation" directorySegmentName="seg_0" id="6840061A-087E-0DA3-0A4A-22FE67874219" containerWithKeyObject="7FDAE081-7713-0B35-7B0D-85C5FC0DE9C4" localFKIndex="60EEDC7B-2727-5D52-6A0E-9132020FA7BE" name="JEFE_TURNO_EMPLEADO_FK">
<createdBy>saulg</createdBy>
<createdTime>2025-10-12 14:51:11 UTC</createdTime>
<generatorID>8AAFEB7B-B559-3129-3B82-B59EA5E57589</generatorID>
<ownerDesignName>EFT_S9_Saul_gatica</ownerDesignName>
<referredTableLongName>EMPLEADO</referredTableLongName>
<arc>F07BA5A0-00B5-62A7-EEEF-28E700F3458C</arc>
<deleteRule>NO ACTION</deleteRule>
<referredTableID>A45CAC7A-A1DC-849D-D723-A4734F93B621</referredTableID>
<keyObject>5BF60FF6-57F8-D88C-2ED1-94009B7E18C4</keyObject>
<referredKeyID>5BF60FF6-57F8-D88C-2ED1-94009B7E18C4</referredKeyID>
<mandatory>true</mandatory>
<refColNames>id_empleado</refColNames>
<transferable>true</transferable>
<rely>false</rely>
<columnDependencyConstraintGenerateInDDL>true</columnDependencyConstraintGenerateInDDL>
</FKIndexAssociation>