<?xml version = '1.0' encoding = 'UTF-8'?>
<FKIndexAssociation class="oracle.dbtools.crest.model.design.relational.FKIndexAssociation" directorySegmentName="seg_0" id="6C4EE356-0516-A02E-0BE8-4EDA435A3E98" containerWithKeyObject="C5A857E4-8C63-E78A-ABE9-A9A1BAA541EC" localFKIndex="6DE6812B-0361-7749-F4EC-E8D1F7C9E30B" name="ASIGNACION_TURNO_TURNO_FK">
<createdBy>saulg</createdBy>
<createdTime>2025-10-12 16:06:16 UTC</createdTime>
<generatorID>CEE3DDAB-0BE6-D58C-6EDA-27D0D705F889</generatorID>
<ownerDesignName>EFT_S9_Saul_gatica</ownerDesignName>
<referredTableLongName>TURNO</referredTableLongName>
<deleteRule>NO ACTION</deleteRule>
<referredTableID>6D0EEBBB-89B1-50CA-97E9-B4FF03FD3F11</referredTableID>
<keyObject>943D8922-1242-01E9-BED7-C299135C721F</keyObject>
<referredKeyID>943D8922-1242-01E9-BED7-C299135C721F</referredKeyID>
<mandatory>true</mandatory>
<refColNames>id_turno</refColNames>
<transferable>true</transferable>
<rely>false</rely>
<columnDependencyConstraintGenerateInDDL>true</columnDependencyConstraintGenerateInDDL>
</FKIndexAssociation>