<?xml version = '1.0' encoding = 'UTF-8'?>
<FKIndexAssociation class="oracle.dbtools.crest.model.design.relational.FKIndexAssociation" directorySegmentName="seg_0" id="6F30BFE8-350F-18EB-9604-8AFA1337E296" containerWithKeyObject="A45CAC7A-A1DC-849D-D723-A4734F93B621" localFKIndex="0F0ED471-A0AE-2DB6-97FB-A0EDD8A56922" name="EMPLEADO_SALUD_FKv2">
<createdBy>saulg</createdBy>
<createdTime>2025-10-12 16:06:16 UTC</createdTime>
<generatorID>D551A30A-BF67-0612-1DDC-C3C4C59CBFC9</generatorID>
<ownerDesignName>EFT_S9_Saul_gatica</ownerDesignName>
<referredTableLongName>SALUD</referredTableLongName>
<deleteRule>NO ACTION</deleteRule>
<referredTableID>85383383-1F24-AFFC-2134-B4B7E9E7675A</referredTableID>
<keyObject>0D929C3C-8A98-2B51-D866-73D98AF09BAC</keyObject>
<referredKeyID>0D929C3C-8A98-2B51-D866-73D98AF09BAC</referredKeyID>
<mandatory>true</mandatory>
<refColNames>id_salud</refColNames>
<transferable>true</transferable>
<rely>false</rely>
<columnDependencyConstraintGenerateInDDL>true</columnDependencyConstraintGenerateInDDL>
</FKIndexAssociation>