<?xml version = '1.0' encoding = 'UTF-8'?>
<FKIndexAssociation class="oracle.dbtools.crest.model.design.relational.FKIndexAssociation" directorySegmentName="seg_0" id="768FB32D-58DC-378A-E85E-1CF07010F001" containerWithKeyObject="A45CAC7A-A1DC-849D-D723-A4734F93B621" localFKIndex="3B995698-6CC2-E17C-16C3-FB3A17137821" name="EMPLEADO_AFP_FKv2">
<createdBy>saulg</createdBy>
<createdTime>2025-10-12 16:06:16 UTC</createdTime>
<generatorID>C3061766-A63F-88FC-E5FE-8C738E5C60F8</generatorID>
<ownerDesignName>EFT_S9_Saul_gatica</ownerDesignName>
<referredTableLongName>AFP</referredTableLongName>
<deleteRule>NO ACTION</deleteRule>
<referredTableID>86CED7E3-0A92-0D90-2FF8-D612134D8D66</referredTableID>
<keyObject>9C034298-798C-0B52-C80A-745DB369AEB9</keyObject>
<referredKeyID>9C034298-798C-0B52-C80A-745DB369AEB9</referredKeyID>
<mandatory>true</mandatory>
<refColNames>id_afp</refColNames>
<transferable>true</transferable>
<rely>false</rely>
<columnDependencyConstraintGenerateInDDL>true</columnDependencyConstraintGenerateInDDL>
</FKIndexAssociation>