<?xml version = '1.0' encoding = 'UTF-8'?>
<FKIndexAssociation class="oracle.dbtools.crest.model.design.relational.FKIndexAssociation" directorySegmentName="seg_0" id="773EBCCE-F19D-2CD9-D5CF-2E432DD8D0AE" containerWithKeyObject="1D8F6082-3B45-A9A3-52B6-4E00DAD71A71" localFKIndex="98626EF0-8A36-2FF9-38BD-01E1144BD439" name="ORDEN_MANTENCION_TECNICO_MANTENCION_FK">
<createdBy>saulg</createdBy>
<createdTime>2025-10-12 16:06:16 UTC</createdTime>
<generatorID>2E36586E-495A-8E1E-CCD7-2A13FCC27226</generatorID>
<ownerDesignName>EFT_S9_Saul_gatica</ownerDesignName>
<referredTableLongName>TECNICO_MANTENCION</referredTableLongName>
<deleteRule>NO ACTION</deleteRule>
<referredTableID>D653DE16-9A96-C499-96C0-70C38DC8E007</referredTableID>
<keyObject>D22B0AD3-E014-CF93-4F85-94FF6B714801</keyObject>
<referredKeyID>D22B0AD3-E014-CF93-4F85-94FF6B714801</referredKeyID>
<mandatory>true</mandatory>
<refColNames>id_empleado</refColNames>
<transferable>true</transferable>
<rely>false</rely>
<columnDependencyConstraintGenerateInDDL>true</columnDependencyConstraintGenerateInDDL>
</FKIndexAssociation>