<?xml version = '1.0' encoding = 'UTF-8'?>
<FKIndexAssociation class="oracle.dbtools.crest.model.design.relational.FKIndexAssociation" directorySegmentName="seg_0" id="8DA3DEDC-BDCE-A0CF-5487-EFBAD61BA195" containerWithKeyObject="FC7C9B2E-004C-E70D-604D-932FA99ACEFA" localFKIndex="FA3160F4-8105-1C4A-C66E-B2364343E9CE" name="MAQUINA_PLANTA_FK">
<createdBy>saulg</createdBy>
<createdTime>2025-10-12 14:51:11 UTC</createdTime>
<generatorID>53F8F88E-9F7C-6895-563D-BEA50E01ABFD</generatorID>
<ownerDesignName>EFT_S9_Saul_gatica</ownerDesignName>
<referredTableLongName>PLANTA</referredTableLongName>
<deleteRule>NO ACTION</deleteRule>
<referredTableID>4B8100C8-1050-907C-7057-20B271B6EDBA</referredTableID>
<keyObject>EB709FD2-CC57-C125-E225-803C01A6D30E</keyObject>
<referredKeyID>EB709FD2-CC57-C125-E225-803C01A6D30E</referredKeyID>
<mandatory>true</mandatory>
<refColNames>id_planta</refColNames>
<transferable>true</transferable>
<rely>false</rely>
<columnDependencyConstraintGenerateInDDL>true</columnDependencyConstraintGenerateInDDL>
</FKIndexAssociation>