<?xml version = '1.0' encoding = 'UTF-8'?>
<FKIndexAssociation class="oracle.dbtools.crest.model.design.relational.FKIndexAssociation" directorySegmentName="seg_0" id="95CA0038-31CC-808D-246D-62C246E71B5D" containerWithKeyObject="4B8100C8-1050-907C-7057-20B271B6EDBA" localFKIndex="086C6331-856B-DD30-35BE-D32759284614" name="PLANTA_COMUNA_FKv2">
<createdBy>saulg</createdBy>
<createdTime>2025-10-12 16:06:16 UTC</createdTime>
<generatorID>5EEBA9D0-6585-40AC-5CB3-9584630140CD</generatorID>
<ownerDesignName>EFT_S9_Saul_gatica</ownerDesignName>
<referredTableLongName>COMUNA</referredTableLongName>
<deleteRule>NO ACTION</deleteRule>
<referredTableID>40DBF532-3942-6ADC-0759-FA8D83E2D761</referredTableID>
<keyObject>6F079E82-42E8-F0D4-99AB-A405DB876982</keyObject>
<referredKeyID>6F079E82-42E8-F0D4-99AB-A405DB876982</referredKeyID>
<mandatory>true</mandatory>
<refColNames>id_comuna</refColNames>
<transferable>true</transferable>
<rely>false</rely>
<columnDependencyConstraintGenerateInDDL>true</columnDependencyConstraintGenerateInDDL>
</FKIndexAssociation>