<?xml version = '1.0' encoding = 'UTF-8'?>
<FKIndexAssociation class="oracle.dbtools.crest.model.design.relational.FKIndexAssociation" directorySegmentName="seg_0" id="A080948A-13B8-200C-F1AE-7A1BE313325D" containerWithKeyObject="C5A857E4-8C63-E78A-ABE9-A9A1BAA541EC" localFKIndex="5FDBB4C2-C41A-8783-60B4-9BE038F1366B" name="AS_T_EMPL_FK">
<createdBy>saulg</createdBy>
<createdTime>2025-10-12 14:51:11 UTC</createdTime>
<generatorID>FA8A4436-65DE-D7D1-4D22-2139E0E95092</generatorID>
<ownerDesignName>EFT_S9_Saul_gatica</ownerDesignName>
<referredTableLongName>EMPLEADO</referredTableLongName>
<deleteRule>NO ACTION</deleteRule>
<referredTableID>A45CAC7A-A1DC-849D-D723-A4734F93B621</referredTableID>
<keyObject>5BF60FF6-57F8-D88C-2ED1-94009B7E18C4</keyObject>
<referredKeyID>5BF60FF6-57F8-D88C-2ED1-94009B7E18C4</referredKeyID>
<mandatory>true</mandatory>
<refColNames>id_empleado</refColNames>
<transferable>true</transferable>
<rely>false</rely>
<columnDependencyConstraintGenerateInDDL>true</columnDependencyConstraintGenerateInDDL>
</FKIndexAssociation>