<?xml version = '1.0' encoding = 'UTF-8'?>
<FKIndexAssociation class="oracle.dbtools.crest.model.design.relational.FKIndexAssociation" directorySegmentName="seg_0" id="A0D7FE36-35EE-D5A8-EFC8-0F9F4715F4D4" containerWithKeyObject="FC7C9B2E-004C-E70D-604D-932FA99ACEFA" localFKIndex="553157F1-191F-EEA4-3B8A-388EB703306B" name="MAQUINA_TIPO_MAQUINA_FKv2">
<createdBy>saulg</createdBy>
<createdTime>2025-10-12 16:06:16 UTC</createdTime>
<generatorID>117B658D-D207-EC39-1D87-460ADCA60DF3</generatorID>
<ownerDesignName>EFT_S9_Saul_gatica</ownerDesignName>
<referredTableLongName>TIPO_MAQUINA</referredTableLongName>
<deleteRule>NO ACTION</deleteRule>
<referredTableID>0D661EEB-349F-5E94-0470-E53693F8F591</referredTableID>
<keyObject>3283F4DB-4FFC-C242-BDB5-74C2525F7B52</keyObject>
<referredKeyID>3283F4DB-4FFC-C242-BDB5-74C2525F7B52</referredKeyID>
<mandatory>true</mandatory>
<refColNames>id_tipo</refColNames>
<transferable>true</transferable>
<rely>false</rely>
<columnDependencyConstraintGenerateInDDL>true</columnDependencyConstraintGenerateInDDL>
</FKIndexAssociation>