<?xml version = '1.0' encoding = 'UTF-8'?>
<FKIndexAssociation class="oracle.dbtools.crest.model.design.relational.FKIndexAssociation" directorySegmentName="seg_0" id="A4CAD51A-2165-B68D-ABB1-4812E1FDF393" containerWithKeyObject="1D8F6082-3B45-A9A3-52B6-4E00DAD71A71" localFKIndex="D3611CEC-601C-9ABE-D35F-0AFCABFDCC59" name="O_T_TECNICO_MAN_FK">
<createdBy>saulg</createdBy>
<createdTime>2025-10-12 14:51:11 UTC</createdTime>
<generatorID>8D934546-6964-49C8-BD69-3C1A71BF471E</generatorID>
<ownerDesignName>EFT_S9_Saul_gatica</ownerDesignName>
<referredTableLongName>TECNICO_MANTENCION</referredTableLongName>
<deleteRule>NO ACTION</deleteRule>
<referredTableID>D653DE16-9A96-C499-96C0-70C38DC8E007</referredTableID>
<keyObject>D22B0AD3-E014-CF93-4F85-94FF6B714801</keyObject>
<referredKeyID>D22B0AD3-E014-CF93-4F85-94FF6B714801</referredKeyID>
<mandatory>true</mandatory>
<refColNames>id_empleado</refColNames>
<transferable>true</transferable>
<rely>false</rely>
<columnDependencyConstraintGenerateInDDL>true</columnDependencyConstraintGenerateInDDL>
</FKIndexAssociation>