<?xml version = '1.0' encoding = 'UTF-8'?>
<FKIndexAssociation class="oracle.dbtools.crest.model.design.relational.FKIndexAssociation" directorySegmentName="seg_0" id="A6818347-BC87-B2FC-0944-7E8AA5300133" containerWithKeyObject="A45CAC7A-A1DC-849D-D723-A4734F93B621" localFKIndex="E5BA3547-93C9-06AF-DC23-23D1EE9A0923" name="EMPLEADO_PLANTA_FKv2">
<createdBy>saulg</createdBy>
<createdTime>2025-10-12 16:06:16 UTC</createdTime>
<generatorID>6B3B51FF-2A1F-FFFF-21D6-93F5AA407988</generatorID>
<ownerDesignName>EFT_S9_Saul_gatica</ownerDesignName>
<referredTableLongName>PLANTA</referredTableLongName>
<deleteRule>NO ACTION</deleteRule>
<referredTableID>4B8100C8-1050-907C-7057-20B271B6EDBA</referredTableID>
<keyObject>EB709FD2-CC57-C125-E225-803C01A6D30E</keyObject>
<referredKeyID>EB709FD2-CC57-C125-E225-803C01A6D30E</referredKeyID>
<mandatory>true</mandatory>
<refColNames>id_planta</refColNames>
<transferable>true</transferable>
<rely>false</rely>
<columnDependencyConstraintGenerateInDDL>true</columnDependencyConstraintGenerateInDDL>
</FKIndexAssociation>