<?xml version = '1.0' encoding = 'UTF-8'?>
<FKIndexAssociation class="oracle.dbtools.crest.model.design.relational.FKIndexAssociation" directorySegmentName="seg_0" id="C0A977D0-EAD1-10B7-7081-EECD2F7BAEEC" containerWithKeyObject="FC7C9B2E-004C-E70D-604D-932FA99ACEFA" localFKIndex="2D27B1EF-0CB8-81BA-A5D3-F9633F7AB9A8" name="MAQUINA_TIPO_MAQUINA_FK">
<createdBy>saulg</createdBy>
<createdTime>2025-10-12 14:51:11 UTC</createdTime>
<generatorID>5B72695F-9DAC-83C5-4A33-90DFF1B5BDDB</generatorID>
<ownerDesignName>EFT_S9_Saul_gatica</ownerDesignName>
<referredTableLongName>TIPO_MAQUINA</referredTableLongName>
<deleteRule>NO ACTION</deleteRule>
<referredTableID>0D661EEB-349F-5E94-0470-E53693F8F591</referredTableID>
<keyObject>3283F4DB-4FFC-C242-BDB5-74C2525F7B52</keyObject>
<referredKeyID>3283F4DB-4FFC-C242-BDB5-74C2525F7B52</referredKeyID>
<mandatory>true</mandatory>
<refColNames>id_tipo</refColNames>
<transferable>true</transferable>
<rely>false</rely>
<columnDependencyConstraintGenerateInDDL>true</columnDependencyConstraintGenerateInDDL>
</FKIndexAssociation>