<?xml version = '1.0' encoding = 'UTF-8'?>
<FKIndexAssociation class="oracle.dbtools.crest.model.design.relational.FKIndexAssociation" directorySegmentName="seg_0" id="C8A426F4-4E3C-7B7D-A5DC-A49AFFBA5B77" containerWithKeyObject="C5A857E4-8C63-E78A-ABE9-A9A1BAA541EC" localFKIndex="6D58561C-229E-C7C9-76FE-4EC9AB0FBDC6" name="AS_T_MAQ_FK">
<createdBy>saulg</createdBy>
<createdTime>2025-10-12 14:51:11 UTC</createdTime>
<generatorID>2F2EA64F-F73B-B663-9454-D176A13CE4B5</generatorID>
<ownerDesignName>EFT_S9_Saul_gatica</ownerDesignName>
<referredTableLongName>MAQUINA</referredTableLongName>
<deleteRule>NO ACTION</deleteRule>
<referredTableID>FC7C9B2E-004C-E70D-604D-932FA99ACEFA</referredTableID>
<keyObject>1FF5795C-8809-EBC8-2AAF-35DBB5D67667</keyObject>
<referredKeyID>1FF5795C-8809-EBC8-2AAF-35DBB5D67667</referredKeyID>
<mandatory>true</mandatory>
<refColNames>n_maq,id_planta</refColNames>
<transferable>true</transferable>
<rely>false</rely>
<columnDependencyConstraintGenerateInDDL>true</columnDependencyConstraintGenerateInDDL>
</FKIndexAssociation>