<?xml version = '1.0' encoding = 'UTF-8'?>
<FKIndexAssociation class="oracle.dbtools.crest.model.design.relational.FKIndexAssociation" directorySegmentName="seg_0" id="D4362BE4-48E1-E641-6A5C-9921316D119F" containerWithKeyObject="A45CAC7A-A1DC-849D-D723-A4734F93B621" localFKIndex="53F69EDA-7540-5F3D-02C9-0174FFE87287" name="EMPLEADO_AFP_FK">
<createdBy>saulg</createdBy>
<createdTime>2025-10-12 14:51:11 UTC</createdTime>
<generatorID>8807F8A8-450A-FC7C-64BB-8C0E73139B04</generatorID>
<ownerDesignName>EFT_S9_Saul_gatica</ownerDesignName>
<referredTableLongName>AFP</referredTableLongName>
<deleteRule>NO ACTION</deleteRule>
<referredTableID>86CED7E3-0A92-0D90-2FF8-D612134D8D66</referredTableID>
<keyObject>9C034298-798C-0B52-C80A-745DB369AEB9</keyObject>
<referredKeyID>9C034298-798C-0B52-C80A-745DB369AEB9</referredKeyID>
<mandatory>true</mandatory>
<refColNames>id_afp</refColNames>
<transferable>true</transferable>
<rely>false</rely>
<columnDependencyConstraintGenerateInDDL>true</columnDependencyConstraintGenerateInDDL>
</FKIndexAssociation>