<?xml version = '1.0' encoding = 'UTF-8'?>
<FKIndexAssociation class="oracle.dbtools.crest.model.design.relational.FKIndexAssociation" directorySegmentName="seg_0" id="F0DBC82A-4157-3CA1-92EC-647005CAF5C9" containerWithKeyObject="A45CAC7A-A1DC-849D-D723-A4734F93B621" localFKIndex="13155E39-A906-AEBF-1708-6FAE8525B172" name="EMPLEADO_EMPLEADO_FK">
<createdBy>saulg</createdBy>
<createdTime>2025-10-12 14:51:11 UTC</createdTime>
<generatorID>CEE30DDA-6759-8EE2-FB42-B3557AA0FD21</generatorID>
<ownerDesignName>EFT_S9_Saul_gatica</ownerDesignName>
<referredTableLongName>EMPLEADO</referredTableLongName>
<deleteRule>NO ACTION</deleteRule>
<referredTableID>A45CAC7A-A1DC-849D-D723-A4734F93B621</referredTableID>
<keyObject>5BF60FF6-57F8-D88C-2ED1-94009B7E18C4</keyObject>
<referredKeyID>5BF60FF6-57F8-D88C-2ED1-94009B7E18C4</referredKeyID>
<mandatory>true</mandatory>
<refColNames>id_empleado</refColNames>
<transferable>true</transferable>
<rely>false</rely>
<columnDependencyConstraintGenerateInDDL>true</columnDependencyConstraintGenerateInDDL>
</FKIndexAssociation>