<?xml version = '1.0' encoding = 'UTF-8'?>
<FKIndexAssociation class="oracle.dbtools.crest.model.design.relational.FKIndexAssociation" directorySegmentName="seg_0" id="F64923C5-E79D-F7E6-CAA4-D2558DAA844E" containerWithKeyObject="1D8F6082-3B45-A9A3-52B6-4E00DAD71A71" localFKIndex="C2B90E7B-9382-8259-0E81-3D5804CA36B3" name="O_T_MAQUINA_FK">
<createdBy>saulg</createdBy>
<createdTime>2025-10-12 14:51:11 UTC</createdTime>
<generatorID>11794EA9-E85F-283C-A151-C4519B3A545F</generatorID>
<ownerDesignName>EFT_S9_Saul_gatica</ownerDesignName>
<referredTableLongName>MAQUINA</referredTableLongName>
<deleteRule>NO ACTION</deleteRule>
<referredTableID>FC7C9B2E-004C-E70D-604D-932FA99ACEFA</referredTableID>
<keyObject>1FF5795C-8809-EBC8-2AAF-35DBB5D67667</keyObject>
<referredKeyID>1FF5795C-8809-EBC8-2AAF-35DBB5D67667</referredKeyID>
<mandatory>true</mandatory>
<refColNames>n_maq,id_planta</refColNames>
<transferable>true</transferable>
<rely>false</rely>
<columnDependencyConstraintGenerateInDDL>true</columnDependencyConstraintGenerateInDDL>
</FKIndexAssociation>