<?xml version = '1.0' encoding = 'UTF-8'?>
<Entity class="oracle.dbtools.crest.model.design.logical.Entity" directorySegmentName="seg_0" id="0038C59A-209C-8FF4-03AD-D58B2E36BCB1" name="COMUNA">
<createdBy>saulg</createdBy>
<createdTime>2025-10-11 23:53:26 UTC</createdTime>
<ownerDesignName>EFT_S9_Saul_gatica</ownerDesignName>
<engineerTo>
<item key="B6377D21-52CF-4617-C157-94839DAB144E" value="true"/>
</engineerTo>
<adequatelyNormalized>NO</adequatelyNormalized>
<expectedVolumes>0</expectedVolumes>
<fwdEngineeringStrategyName>Single Table</fwdEngineeringStrategyName>
<growthPercent>0</growthPercent>
<growthType>Year</growthType>
<maxVolumes>9999999</maxVolumes>
<minVolumes>0</minVolumes>
<normalForm>Third</normalForm>
<attributes itemClass="oracle.dbtools.crest.model.design.logical.Attribute">
<Attribute name="id comuna" id="5A113634-07F4-C77A-6B90-15261ED06B0F">
<createdBy>saulg</createdBy>
<createdTime>2025-10-11 23:53:42 UTC</createdTime>
<ownerDesignName>EFT_S9_Saul_gatica</ownerDesignName>
<engineerTo>
<item key="B6377D21-52CF-4617-C157-94839DAB144E" value="true"/>
</engineerTo>
<useDomainConstraints>false</useDomainConstraints>
<use>1</use>
<logicalDatatype>LOGDT011</logicalDatatype>
<ownDataTypeParameters>,,</ownDataTypeParameters>
</Attribute>
<Attribute name="nombre comuna" id="CE9C4942-AD6F-0ABA-8067-63CC74990AEE">
<createdBy>saulg</createdBy>
<createdTime>2025-10-11 23:54:48 UTC</createdTime>
<ownerDesignName>EFT_S9_Saul_gatica</ownerDesignName>
<engineerTo>
<item key="B6377D21-52CF-4617-C157-94839DAB144E" value="true"/>
</engineerTo>
<useDomainConstraints>false</useDomainConstraints>
<use>1</use>
<logicalDatatype>LOGDT024</logicalDatatype>
<dataTypeSize>50</dataTypeSize>
<ownDataTypeParameters>50,,</ownDataTypeParameters>
</Attribute>
<Attribute name="id_region" id="1FD587C4-3CBD-7744-A7AA-90DE09745BF2">
<createdBy>saulg</createdBy>
<createdTime>2025-10-12 13:40:33 UTC</createdTime>
<generatorID>5527F0EC-1575-B657-7215-0D6FAF597C67</generatorID>
<ownerDesignName>EFT_S9_Saul_gatica</ownerDesignName>
<engineerTo>
<item key="B6377D21-52CF-4617-C157-94839DAB144E" value="true"/>
</engineerTo>
<referedAttribute>B6EB2220-5E4B-DA67-BBF3-045572751382</referedAttribute>
<useDomainConstraints>false</useDomainConstraints>
<use>1</use>
<logicalDatatype>LOGDT011</logicalDatatype>
<ownDataTypeParameters>,,</ownDataTypeParameters>
</Attribute>
<Attribute name="id region 1" id="54A4EFD2-C904-6CBE-BDDD-ACA55387C2D9">
<createdBy>saulg</createdBy>
<createdTime>2025-10-12 15:40:22 UTC</createdTime>
<ownerDesignName>EFT_S9_Saul_gatica</ownerDesignName>
<engineerTo>
<item key="B6377D21-52CF-4617-C157-94839DAB144E" value="true"/>
</engineerTo>
<useDomainConstraints>false</useDomainConstraints>
<use>1</use>
<logicalDatatype>LOGDT011</logicalDatatype>
<ownDataTypeParameters>,,</ownDataTypeParameters>
</Attribute>
<Attribute name="id region" id="B27EA1AE-CDB3-2685-C60D-A5803190A355">
<createdBy>saulg</createdBy>
<createdTime>2025-10-12 15:44:08 UTC</createdTime>
<generatorID>4BAA33E1-056F-AC93-FECE-8FDD3B976F11</generatorID>
<ownerDesignName>EFT_S9_Saul_gatica</ownerDesignName>
<engineerTo>
<item key="B6377D21-52CF-4617-C157-94839DAB144E" value="true"/>
</engineerTo>
<referedAttribute>22CF86BD-1B0E-0B66-6953-7198E3BBF3CC</referedAttribute>
<useDomainConstraints>false</useDomainConstraints>
<use>1</use>
<logicalDatatype>LOGDT011</logicalDatatype>
<ownDataTypeParameters>,,</ownDataTypeParameters>
</Attribute>
<Attribute name="codigo region" id="AA268493-B31E-35B0-0F04-EBF9CF5ADBAD">
<createdBy>saulg</createdBy>
<createdTime>2025-10-12 18:40:22 UTC</createdTime>
<generatorID>BC4995FF-442E-AB7A-69C6-56C924DA394A</generatorID>
<ownerDesignName>EFT_S9_Saul_gatica</ownerDesignName>
<engineerTo>
<item key="B6377D21-52CF-4617-C157-94839DAB144E" value="true"/>
</engineerTo>
<useDomainConstraints>false</useDomainConstraints>
<use>1</use>
<logicalDatatype>LOGDT011</logicalDatatype>
<ownDataTypeParameters>,,</ownDataTypeParameters>
</Attribute>
</attributes>
<identifiers itemClass="oracle.dbtools.crest.model.design.logical.CandidateKey">
<identifier id="4486A685-E7E3-9FA9-C038-0A8897A00282" name="COMUNA PK">
<createdBy>saulg</createdBy>
<createdTime>2025-10-11 23:54:43 UTC</createdTime>
<ownerDesignName>EFT_S9_Saul_gatica</ownerDesignName>
<shouldEngineer>false</shouldEngineer>
<engineerTo>
<item key="B6377D21-52CF-4617-C157-94839DAB144E" value="false"/>
</engineerTo>
<pk>true</pk>
<usedAttributes>
<attributeRef>5A113634-07F4-C77A-6B90-15261ED06B0F</attributeRef>
</usedAttributes>
</identifier>
</identifiers>
</Entity>