<?xml version = '1.0' encoding = 'UTF-8'?>
<Entity class="oracle.dbtools.crest.model.design.logical.Entity" directorySegmentName="seg_0" id="1D12187E-7E64-8E37-957B-B69A072F40B0" name="AFP">
<createdBy>saulg</createdBy>
<createdTime>2025-10-12 00:19:34 UTC</createdTime>
<ownerDesignName>EFT_S9_Saul_gatica</ownerDesignName>
<engineerTo>
<item key="B6377D21-52CF-4617-C157-94839DAB144E" value="true"/>
</engineerTo>
<adequatelyNormalized>NO</adequatelyNormalized>
<expectedVolumes>0</expectedVolumes>
<fwdEngineeringStrategyName>Single Table</fwdEngineeringStrategyName>
<growthPercent>0</growthPercent>
<growthType>Year</growthType>
<maxVolumes>9999999</maxVolumes>
<minVolumes>0</minVolumes>
<normalForm>Third</normalForm>
<attributes itemClass="oracle.dbtools.crest.model.design.logical.Attribute">
<Attribute name="id afp" id="5DDCA5EF-E12A-ED14-68AD-9F1ECEB65FC6">
<createdBy>saulg</createdBy>
<createdTime>2025-10-12 00:19:50 UTC</createdTime>
<ownerDesignName>EFT_S9_Saul_gatica</ownerDesignName>
<engineerTo>
<item key="B6377D21-52CF-4617-C157-94839DAB144E" value="true"/>
</engineerTo>
<useDomainConstraints>false</useDomainConstraints>
<use>1</use>
<logicalDatatype>LOGDT011</logicalDatatype>
<ownDataTypeParameters>,,</ownDataTypeParameters>
</Attribute>
<Attribute name="nombre afp" id="8D8DEDDB-4BC4-1A83-3D8B-F8C578C8C08E">
<createdBy>saulg</createdBy>
<createdTime>2025-10-12 00:21:02 UTC</createdTime>
<ownerDesignName>EFT_S9_Saul_gatica</ownerDesignName>
<engineerTo>
<item key="B6377D21-52CF-4617-C157-94839DAB144E" value="true"/>
</engineerTo>
<useDomainConstraints>false</useDomainConstraints>
<use>1</use>
<logicalDatatype>LOGDT024</logicalDatatype>
<dataTypeSize>50 CHAR</dataTypeSize>
<ownDataTypeParameters>50 CHAR,,</ownDataTypeParameters>
</Attribute>
</attributes>
<identifiers itemClass="oracle.dbtools.crest.model.design.logical.CandidateKey">
<identifier id="76FC1AF3-178A-03D6-819B-8C7A1FE5B05A" name="AFP PK">
<createdBy>saulg</createdBy>
<createdTime>2025-10-12 00:20:56 UTC</createdTime>
<ownerDesignName>EFT_S9_Saul_gatica</ownerDesignName>
<shouldEngineer>false</shouldEngineer>
<engineerTo>
<item key="B6377D21-52CF-4617-C157-94839DAB144E" value="false"/>
</engineerTo>
<pk>true</pk>
<usedAttributes>
<attributeRef>5DDCA5EF-E12A-ED14-68AD-9F1ECEB65FC6</attributeRef>
</usedAttributes>
</identifier>
</identifiers>
</Entity>