<?xml version = '1.0' encoding = 'UTF-8'?>
<Entity class="oracle.dbtools.crest.model.design.logical.Entity" directorySegmentName="seg_0" id="39BF0045-A706-D9CD-3722-9B17EDA82E53" name="EMPLEADO">
<createdBy>saulg</createdBy>
<createdTime>2025-10-12 00:23:32 UTC</createdTime>
<ownerDesignName>EFT_S9_Saul_gatica</ownerDesignName>
<engineerTo>
<item key="B6377D21-52CF-4617-C157-94839DAB144E" value="true"/>
</engineerTo>
<adequatelyNormalized>NO</adequatelyNormalized>
<expectedVolumes>0</expectedVolumes>
<fwdEngineeringStrategyName>Single Table</fwdEngineeringStrategyName>
<growthPercent>0</growthPercent>
<growthType>Year</growthType>
<maxVolumes>9999999</maxVolumes>
<minVolumes>0</minVolumes>
<normalForm>Third</normalForm>
<attributes itemClass="oracle.dbtools.crest.model.design.logical.Attribute">
<Attribute name="id empleado" id="6D50E5C8-B1C5-35D5-299E-6E12915E7023">
<createdBy>saulg</createdBy>
<createdTime>2025-10-12 00:24:06 UTC</createdTime>
<ownerDesignName>EFT_S9_Saul_gatica</ownerDesignName>
<engineerTo>
<item key="B6377D21-52CF-4617-C157-94839DAB144E" value="true"/>
</engineerTo>
<useDomainConstraints>false</useDomainConstraints>
<use>1</use>
<logicalDatatype>LOGDT011</logicalDatatype>
<ownDataTypeParameters>,,</ownDataTypeParameters>
</Attribute>
<Attribute name="rut" id="C4799DE1-8155-B2D7-B73D-A2BA01147F90">
<createdBy>saulg</createdBy>
<createdTime>2025-10-12 00:26:05 UTC</createdTime>
<ownerDesignName>EFT_S9_Saul_gatica</ownerDesignName>
<engineerTo>
<item key="B6377D21-52CF-4617-C157-94839DAB144E" value="true"/>
</engineerTo>
<useDomainConstraints>false</useDomainConstraints>
<use>1</use>
<logicalDatatype>LOGDT024</logicalDatatype>
<dataTypeSize>15 CHAR</dataTypeSize>
<ownDataTypeParameters>15 CHAR,,</ownDataTypeParameters>
</Attribute>
<Attribute name="nombres" id="69EE4A56-1F4E-46D0-0F3F-1E4234F2D916">
<createdBy>saulg</createdBy>
<createdTime>2025-10-12 00:26:33 UTC</createdTime>
<ownerDesignName>EFT_S9_Saul_gatica</ownerDesignName>
<engineerTo>
<item key="B6377D21-52CF-4617-C157-94839DAB144E" value="true"/>
</engineerTo>
<useDomainConstraints>false</useDomainConstraints>
<use>1</use>
<logicalDatatype>LOGDT024</logicalDatatype>
<dataTypeSize>100</dataTypeSize>
<ownDataTypeParameters>100,,</ownDataTypeParameters>
</Attribute>
<Attribute name="apellidos" id="8BE56F97-4D80-F6CF-8B85-DD413FDCC4AD">
<createdBy>saulg</createdBy>
<createdTime>2025-10-12 00:27:29 UTC</createdTime>
<ownerDesignName>EFT_S9_Saul_gatica</ownerDesignName>
<engineerTo>
<item key="B6377D21-52CF-4617-C157-94839DAB144E" value="true"/>
</engineerTo>
<useDomainConstraints>false</useDomainConstraints>
<use>1</use>
<logicalDatatype>LOGDT024</logicalDatatype>
<dataTypeSize>100</dataTypeSize>
<ownDataTypeParameters>100,,</ownDataTypeParameters>
</Attribute>
<Attribute name="fecha contr" id="43E83DF3-02E6-23EE-4CC0-620A7CDF2387">
<createdBy>saulg</createdBy>
<createdTime>2025-10-12 00:27:50 UTC</createdTime>
<ownerDesignName>EFT_S9_Saul_gatica</ownerDesignName>
<engineerTo>
<item key="B6377D21-52CF-4617-C157-94839DAB144E" value="true"/>
</engineerTo>
<useDomainConstraints>false</useDomainConstraints>
<use>1</use>
<logicalDatatype>LOGDT007</logicalDatatype>
<ownDataTypeParameters>,,</ownDataTypeParameters>
</Attribute>
<Attribute name="sueldo base" id="929891D9-2934-A71B-260A-0B409B799FE5">
<createdBy>saulg</createdBy>
<createdTime>2025-10-12 00:28:17 UTC</createdTime>
<ownerDesignName>EFT_S9_Saul_gatica</ownerDesignName>
<engineerTo>
<item key="B6377D21-52CF-4617-C157-94839DAB144E" value="true"/>
</engineerTo>
<useDomainConstraints>false</useDomainConstraints>
<use>1</use>
<logicalDatatype>LOGDT011</logicalDatatype>
<ownDataTypeParameters>,,</ownDataTypeParameters>
</Attribute>
<Attribute name="estado activo" id="7F1EACB6-DBAC-6571-6E78-47DFB805A720">
<createdBy>saulg</createdBy>
<createdTime>2025-10-12 00:29:07 UTC</createdTime>
<commentInRDBMS><![CDATA[S/N]]></commentInRDBMS>
<ownerDesignName>EFT_S9_Saul_gatica</ownerDesignName>
<engineerTo>
<item key="B6377D21-52CF-4617-C157-94839DAB144E" value="true"/>
</engineerTo>
<useDomainConstraints>false</useDomainConstraints>
<use>1</use>
<logicalDatatype>LOGDT025</logicalDatatype>
<dataTypeSize>1</dataTypeSize>
<ownDataTypeParameters>1,,</ownDataTypeParameters>
</Attribute>
<Attribute name="id planta" id="0E5FE2CD-FA73-FE37-5ABA-2D034B11A586">
<createdBy>saulg</createdBy>
<createdTime>2025-10-12 00:30:58 UTC</createdTime>
<ownerDesignName>EFT_S9_Saul_gatica</ownerDesignName>
<engineerTo>
<item key="B6377D21-52CF-4617-C157-94839DAB144E" value="true"/>
</engineerTo>
<useDomainConstraints>false</useDomainConstraints>
<use>1</use>
<logicalDatatype>LOGDT011</logicalDatatype>
<ownDataTypeParameters>,,</ownDataTypeParameters>
</Attribute>
<Attribute name="id afp1" id="B5D50455-823D-4664-CD93-0EA7A977146B">
<createdBy>saulg</createdBy>
<createdTime>2025-10-12 00:31:19 UTC</createdTime>
<ownerDesignName>EFT_S9_Saul_gatica</ownerDesignName>
<engineerTo>
<item key="B6377D21-52CF-4617-C157-94839DAB144E" value="true"/>
</engineerTo>
<useDomainConstraints>false</useDomainConstraints>
<use>1</use>
<logicalDatatype>LOGDT011</logicalDatatype>
<ownDataTypeParameters>,,</ownDataTypeParameters>
</Attribute>
<Attribute name="id jefe directo" id="507B35BB-7A3E-30C9-98AD-7AC5B2831D30">
<createdBy>saulg</createdBy>
<createdTime>2025-10-12 00:32:21 UTC</createdTime>
<ownerDesignName>EFT_S9_Saul_gatica</ownerDesignName>
<engineerTo>
<item key="B6377D21-52CF-4617-C157-94839DAB144E" value="true"/>
</engineerTo>
<useDomainConstraints>false</useDomainConstraints>
<use>1</use>
<logicalDatatype>LOGDT011</logicalDatatype>
<ownDataTypeParameters>,,</ownDataTypeParameters>
</Attribute>
<Attribute name="id salud" id="D3CE3F8A-3AFB-03B2-EDC5-12F0F76EDE96">
<createdBy>saulg</createdBy>
<createdTime>2025-10-12 15:49:44 UTC</createdTime>
<ownerDesignName>EFT_S9_Saul_gatica</ownerDesignName>
<engineerTo>
<item key="B6377D21-52CF-4617-C157-94839DAB144E" value="true"/>
</engineerTo>
<useDomainConstraints>false</useDomainConstraints>
<use>1</use>
<logicalDatatype>LOGDT011</logicalDatatype>
<ownDataTypeParameters>,,</ownDataTypeParameters>
</Attribute>
<Attribute name="EMPLEADO id empleado" id="EF787A91-316E-A940-CD9E-C4F4BCBFD79E">
<createdBy>saulg</createdBy>
<createdTime>2025-10-12 15:57:46 UTC</createdTime>
<generatorID>823BC5DD-545D-1C35-ECC8-56C8E58FB218</generatorID>
<ownerDesignName>EFT_S9_Saul_gatica</ownerDesignName>
<engineerTo>
<item key="B6377D21-52CF-4617-C157-94839DAB144E" value="true"/>
</engineerTo>
<referedAttribute>6D50E5C8-B1C5-35D5-299E-6E12915E7023</referedAttribute>
<useDomainConstraints>false</useDomainConstraints>
<use>1</use>
<logicalDatatype>LOGDT011</logicalDatatype>
<ownDataTypeParameters>,,</ownDataTypeParameters>
</Attribute>
<Attribute name="id planta1" id="619C51A0-8721-0170-8160-F42E988A8298">
<createdBy>saulg</createdBy>
<createdTime>2025-10-12 15:57:59 UTC</createdTime>
<generatorID>6B3B51FF-2A1F-FFFF-21D6-93F5AA407988</generatorID>
<ownerDesignName>EFT_S9_Saul_gatica</ownerDesignName>
<engineerTo>
<item key="B6377D21-52CF-4617-C157-94839DAB144E" value="true"/>
</engineerTo>
<referedAttribute>57186678-90C6-62B5-6108-6C4F6C02336F</referedAttribute>
<useDomainConstraints>false</useDomainConstraints>
<use>1</use>
<logicalDatatype>LOGDT011</logicalDatatype>
<ownDataTypeParameters>,,</ownDataTypeParameters>
</Attribute>
<Attribute name="EMPLEADO id empleado2" id="D93D80D5-CC3B-04C8-3B3F-3390DBCCC70C">
<createdBy>saulg</createdBy>
<createdTime>2025-10-12 15:58:19 UTC</createdTime>
<generatorID>0ED5BABD-C9ED-949D-41DE-603A645AF4DB</generatorID>
<ownerDesignName>EFT_S9_Saul_gatica</ownerDesignName>
<engineerTo>
<item key="B6377D21-52CF-4617-C157-94839DAB144E" value="true"/>
</engineerTo>
<referedAttribute>6D50E5C8-B1C5-35D5-299E-6E12915E7023</referedAttribute>
<useDomainConstraints>false</useDomainConstraints>
<use>1</use>
<logicalDatatype>LOGDT011</logicalDatatype>
<ownDataTypeParameters>,,</ownDataTypeParameters>
</Attribute>
<Attribute name="AFP id afp" id="B6D93CF7-8EB3-F8B5-9D2D-D2110075B7AB">
<createdBy>saulg</createdBy>
<createdTime>2025-10-12 15:58:29 UTC</createdTime>
<generatorID>C3061766-A63F-88FC-E5FE-8C738E5C60F8</generatorID>
<ownerDesignName>EFT_S9_Saul_gatica</ownerDesignName>
<engineerTo>
<item key="B6377D21-52CF-4617-C157-94839DAB144E" value="true"/>
</engineerTo>
<referedAttribute>5DDCA5EF-E12A-ED14-68AD-9F1ECEB65FC6</referedAttribute>
<useDomainConstraints>false</useDomainConstraints>
<use>1</use>
<logicalDatatype>LOGDT011</logicalDatatype>
<ownDataTypeParameters>,,</ownDataTypeParameters>
</Attribute>
<Attribute name="id salud1" id="F9D40177-CA86-3D73-0C08-321F86891695">
<createdBy>saulg</createdBy>
<createdTime>2025-10-12 16:05:53 UTC</createdTime>
<generatorID>D551A30A-BF67-0612-1DDC-C3C4C59CBFC9</generatorID>
<ownerDesignName>EFT_S9_Saul_gatica</ownerDesignName>
<engineerTo>
<item key="B6377D21-52CF-4617-C157-94839DAB144E" value="true"/>
</engineerTo>
<referedAttribute>334AD7DB-7D45-A7B9-6D7D-DB5045430A65</referedAttribute>
<useDomainConstraints>false</useDomainConstraints>
<use>1</use>
<logicalDatatype>LOGDT011</logicalDatatype>
<ownDataTypeParameters>,,</ownDataTypeParameters>
</Attribute>
<Attribute name="codigo salud" id="3D850769-8C7E-D2D4-D6F8-7228854C0396">
<createdBy>saulg</createdBy>
<createdTime>2025-10-12 18:40:22 UTC</createdTime>
<generatorID>26CD07B9-8CE5-B0DF-C3F0-C33AFEC1B21A</generatorID>
<ownerDesignName>EFT_S9_Saul_gatica</ownerDesignName>
<engineerTo>
<item key="B6377D21-52CF-4617-C157-94839DAB144E" value="true"/>
</engineerTo>
<useDomainConstraints>false</useDomainConstraints>
<use>1</use>
<logicalDatatype>LOGDT011</logicalDatatype>
<ownDataTypeParameters>,,</ownDataTypeParameters>
</Attribute>
<Attribute name="PLANTA id planta" id="9551ECDA-2327-F20C-6B66-930A189144D9">
<createdBy>saulg</createdBy>
<createdTime>2025-10-12 18:40:22 UTC</createdTime>
<generatorID>71A5B302-CD99-8323-E050-7ACF366C9DD8</generatorID>
<ownerDesignName>EFT_S9_Saul_gatica</ownerDesignName>
<engineerTo>
<item key="B6377D21-52CF-4617-C157-94839DAB144E" value="true"/>
</engineerTo>
<referedAttribute>57186678-90C6-62B5-6108-6C4F6C02336F</referedAttribute>
<useDomainConstraints>false</useDomainConstraints>
<use>1</use>
<logicalDatatype>LOGDT011</logicalDatatype>
<ownDataTypeParameters>,,</ownDataTypeParameters>
</Attribute>
<Attribute name="EMPLEADO codigo empleado" id="B321FF4C-52FC-4B1E-C44A-DC30C44B31AD">
<createdBy>saulg</createdBy>
<createdTime>2025-10-12 18:40:22 UTC</createdTime>
<generatorID>C750370E-0D0F-59E4-B079-D69FB554182F</generatorID>
<ownerDesignName>EFT_S9_Saul_gatica</ownerDesignName>
<engineerTo>
<item key="B6377D21-52CF-4617-C157-94839DAB144E" value="true"/>
</engineerTo>
<nullsAllowed>true</nullsAllowed>
<referedAttribute>6D50E5C8-B1C5-35D5-299E-6E12915E7023</referedAttribute>
<useDomainConstraints>false</useDomainConstraints>
<use>1</use>
<logicalDatatype>LOGDT011</logicalDatatype>
<ownDataTypeParameters>,,</ownDataTypeParameters>
</Attribute>
<Attribute name="AFP codigo afp" id="597C5E6B-2797-8B6B-35DA-036C5E64FF0A">
<createdBy>saulg</createdBy>
<createdTime>2025-10-12 18:40:22 UTC</createdTime>
<generatorID>5D5E9461-C3F1-6055-AA1D-B1A67A4E0C4E</generatorID>
<ownerDesignName>EFT_S9_Saul_gatica</ownerDesignName>
<engineerTo>
<item key="B6377D21-52CF-4617-C157-94839DAB144E" value="true"/>
</engineerTo>
<referedAttribute>5DDCA5EF-E12A-ED14-68AD-9F1ECEB65FC6</referedAttribute>
<useDomainConstraints>false</useDomainConstraints>
<use>1</use>
<logicalDatatype>LOGDT011</logicalDatatype>
<ownDataTypeParameters>,,</ownDataTypeParameters>
</Attribute>
<Attribute name="SALUD codigo salud" id="C49B6C7A-A6EA-C960-DA57-DB6FD4CDB6AD">
<createdBy>saulg</createdBy>
<createdTime>2025-10-12 18:40:22 UTC</createdTime>
<generatorID>7DAB9EDF-384C-11E2-C505-88BEB9ACE5E6</generatorID>
<ownerDesignName>EFT_S9_Saul_gatica</ownerDesignName>
<engineerTo>
<item key="B6377D21-52CF-4617-C157-94839DAB144E" value="true"/>
</engineerTo>
<referedAttribute>334AD7DB-7D45-A7B9-6D7D-DB5045430A65</referedAttribute>
<useDomainConstraints>false</useDomainConstraints>
<use>1</use>
<logicalDatatype>LOGDT011</logicalDatatype>
<ownDataTypeParameters>,,</ownDataTypeParameters>
</Attribute>
</attributes>
<identifiers itemClass="oracle.dbtools.crest.model.design.logical.CandidateKey">
<identifier id="6E3A130C-79EB-61BF-370F-33205C652D3A" name="EMPLEADO PK">
<createdBy>saulg</createdBy>
<createdTime>2025-10-12 00:26:00 UTC</createdTime>
<ownerDesignName>EFT_S9_Saul_gatica</ownerDesignName>
<shouldEngineer>false</shouldEngineer>
<engineerTo>
<item key="B6377D21-52CF-4617-C157-94839DAB144E" value="false"/>
</engineerTo>
<pk>true</pk>
<usedAttributes>
<attributeRef>6D50E5C8-B1C5-35D5-299E-6E12915E7023</attributeRef>
</usedAttributes>
</identifier>
</identifiers>
</Entity>