<?xml version = '1.0' encoding = 'UTF-8'?>
<Entity class="oracle.dbtools.crest.model.design.logical.Entity" directorySegmentName="seg_0" id="5D5048E8-2E04-A7EF-7B41-F03E87A3BF26" name="PLANTA">
<createdBy>saulg</createdBy>
<createdTime>2025-10-12 00:14:37 UTC</createdTime>
<ownerDesignName>EFT_S9_Saul_gatica</ownerDesignName>
<engineerTo>
<item key="B6377D21-52CF-4617-C157-94839DAB144E" value="true"/>
</engineerTo>
<adequatelyNormalized>NO</adequatelyNormalized>
<expectedVolumes>0</expectedVolumes>
<fwdEngineeringStrategyName>Single Table</fwdEngineeringStrategyName>
<growthPercent>0</growthPercent>
<growthType>Year</growthType>
<maxVolumes>9999999</maxVolumes>
<minVolumes>0</minVolumes>
<normalForm>Third</normalForm>
<attributes itemClass="oracle.dbtools.crest.model.design.logical.Attribute">
<Attribute name="id planta" id="57186678-90C6-62B5-6108-6C4F6C02336F">
<createdBy>saulg</createdBy>
<createdTime>2025-10-12 00:14:47 UTC</createdTime>
<ownerDesignName>EFT_S9_Saul_gatica</ownerDesignName>
<engineerTo>
<item key="B6377D21-52CF-4617-C157-94839DAB144E" value="true"/>
</engineerTo>
<useDomainConstraints>false</useDomainConstraints>
<use>1</use>
<logicalDatatype>LOGDT011</logicalDatatype>
<ownDataTypeParameters>,,</ownDataTypeParameters>
</Attribute>
<Attribute name="nombre planta" id="50F7B1F1-AB85-CA60-2677-130902471D46">
<createdBy>saulg</createdBy>
<createdTime>2025-10-12 00:15:52 UTC</createdTime>
<ownerDesignName>EFT_S9_Saul_gatica</ownerDesignName>
<engineerTo>
<item key="B6377D21-52CF-4617-C157-94839DAB144E" value="true"/>
</engineerTo>
<use>0</use>
<ownDataTypeParameters>,,</ownDataTypeParameters>
</Attribute>
<Attribute name="direccion" id="D01F5D1F-E208-A9FA-4773-3914524A612D">
<createdBy>saulg</createdBy>
<createdTime>2025-10-12 00:16:00 UTC</createdTime>
<ownerDesignName>EFT_S9_Saul_gatica</ownerDesignName>
<engineerTo>
<item key="B6377D21-52CF-4617-C157-94839DAB144E" value="true"/>
</engineerTo>
<useDomainConstraints>false</useDomainConstraints>
<use>1</use>
<logicalDatatype>LOGDT024</logicalDatatype>
<dataTypeSize>100 CHAR</dataTypeSize>
<ownDataTypeParameters>100 CHAR,,</ownDataTypeParameters>
</Attribute>
<Attribute name="id comuna1" id="92B9E4AF-E410-DE78-A6F3-95D741C7F642">
<createdBy>saulg</createdBy>
<createdTime>2025-10-12 00:18:21 UTC</createdTime>
<ownerDesignName>EFT_S9_Saul_gatica</ownerDesignName>
<engineerTo>
<item key="B6377D21-52CF-4617-C157-94839DAB144E" value="true"/>
</engineerTo>
<useDomainConstraints>false</useDomainConstraints>
<use>1</use>
<logicalDatatype>LOGDT011</logicalDatatype>
<ownDataTypeParameters>,,</ownDataTypeParameters>
</Attribute>
<Attribute name="COMUNA id comuna" id="A8CF8F14-6D68-6A7B-C64B-290200D4B28A">
<createdBy>saulg</createdBy>
<createdTime>2025-10-12 15:57:27 UTC</createdTime>
<generatorID>5EEBA9D0-6585-40AC-5CB3-9584630140CD</generatorID>
<ownerDesignName>EFT_S9_Saul_gatica</ownerDesignName>
<engineerTo>
<item key="B6377D21-52CF-4617-C157-94839DAB144E" value="true"/>
</engineerTo>
<referedAttribute>5A113634-07F4-C77A-6B90-15261ED06B0F</referedAttribute>
<useDomainConstraints>false</useDomainConstraints>
<use>1</use>
<logicalDatatype>LOGDT011</logicalDatatype>
<ownDataTypeParameters>,,</ownDataTypeParameters>
</Attribute>
<Attribute name="COMUNA codigo comuna" id="16FCBAED-413C-1845-6842-C557941B9DF3">
<createdBy>saulg</createdBy>
<createdTime>2025-10-12 18:40:22 UTC</createdTime>
<generatorID>6C9A6BC1-DCDE-05EE-9F3F-429AAE276F5C</generatorID>
<ownerDesignName>EFT_S9_Saul_gatica</ownerDesignName>
<engineerTo>
<item key="B6377D21-52CF-4617-C157-94839DAB144E" value="true"/>
</engineerTo>
<referedAttribute>5A113634-07F4-C77A-6B90-15261ED06B0F</referedAttribute>
<useDomainConstraints>false</useDomainConstraints>
<use>1</use>
<logicalDatatype>LOGDT011</logicalDatatype>
<ownDataTypeParameters>,,</ownDataTypeParameters>
</Attribute>
</attributes>
<identifiers itemClass="oracle.dbtools.crest.model.design.logical.CandidateKey">
<identifier id="DD434A8A-C1F0-54D0-9545-1CC5C2F4A5AC" name="PLANTA PK">
<createdBy>saulg</createdBy>
<createdTime>2025-10-12 00:15:45 UTC</createdTime>
<ownerDesignName>EFT_S9_Saul_gatica</ownerDesignName>
<shouldEngineer>false</shouldEngineer>
<engineerTo>
<item key="B6377D21-52CF-4617-C157-94839DAB144E" value="false"/>
</engineerTo>
<pk>true</pk>
<usedAttributes>
<attributeRef>57186678-90C6-62B5-6108-6C4F6C02336F</attributeRef>
</usedAttributes>
</identifier>
</identifiers>
</Entity>