<?xml version = '1.0' encoding = 'UTF-8'?>
<Entity class="oracle.dbtools.crest.model.design.logical.Entity" directorySegmentName="seg_0" id="A1E30E5F-24D8-3E45-E070-E5BA6DDEF342" name="ASIGNACION TURNO">
<createdBy>saulg</createdBy>
<createdTime>2025-10-12 13:15:25 UTC</createdTime>
<ownerDesignName>EFT_S9_Saul_gatica</ownerDesignName>
<engineerTo>
<item key="B6377D21-52CF-4617-C157-94839DAB144E" value="true"/>
</engineerTo>
<adequatelyNormalized>NO</adequatelyNormalized>
<expectedVolumes>0</expectedVolumes>
<fwdEngineeringStrategyName>Single Table</fwdEngineeringStrategyName>
<growthPercent>0</growthPercent>
<growthType>Year</growthType>
<maxVolumes>9999999</maxVolumes>
<minVolumes>0</minVolumes>
<normalForm>Third</normalForm>
<attributes itemClass="oracle.dbtools.crest.model.design.logical.Attribute">
<Attribute name="id asig" id="1318172E-6EF6-3DB5-AE1A-3654B7056EAD">
<createdBy>saulg</createdBy>
<createdTime>2025-10-12 13:15:54 UTC</createdTime>
<ownerDesignName>EFT_S9_Saul_gatica</ownerDesignName>
<engineerTo>
<item key="B6377D21-52CF-4617-C157-94839DAB144E" value="true"/>
</engineerTo>
<useDomainConstraints>false</useDomainConstraints>
<use>1</use>
<logicalDatatype>LOGDT011</logicalDatatype>
<ownDataTypeParameters>,,</ownDataTypeParameters>
</Attribute>
<Attribute name="fecha" id="B1E8106A-9CFA-0A5B-64D9-04C32BC58528">
<createdBy>saulg</createdBy>
<createdTime>2025-10-12 13:16:47 UTC</createdTime>
<ownerDesignName>EFT_S9_Saul_gatica</ownerDesignName>
<engineerTo>
<item key="B6377D21-52CF-4617-C157-94839DAB144E" value="true"/>
</engineerTo>
<useDomainConstraints>false</useDomainConstraints>
<use>1</use>
<logicalDatatype>LOGDT007</logicalDatatype>
<ownDataTypeParameters>,,</ownDataTypeParameters>
</Attribute>
<Attribute name="id empl" id="8D3A44B0-C3C6-4518-D162-1D013B49E1B5">
<createdBy>saulg</createdBy>
<createdTime>2025-10-12 13:17:07 UTC</createdTime>
<ownerDesignName>EFT_S9_Saul_gatica</ownerDesignName>
<engineerTo>
<item key="B6377D21-52CF-4617-C157-94839DAB144E" value="true"/>
</engineerTo>
<useDomainConstraints>false</useDomainConstraints>
<use>1</use>
<logicalDatatype>LOGDT011</logicalDatatype>
<ownDataTypeParameters>,,</ownDataTypeParameters>
</Attribute>
<Attribute name="id turno" id="998EE52C-73DA-6AA0-3FBA-07D38FA9B22C">
<createdBy>saulg</createdBy>
<createdTime>2025-10-12 13:17:55 UTC</createdTime>
<ownerDesignName>EFT_S9_Saul_gatica</ownerDesignName>
<engineerTo>
<item key="B6377D21-52CF-4617-C157-94839DAB144E" value="true"/>
</engineerTo>
<useDomainConstraints>false</useDomainConstraints>
<use>1</use>
<logicalDatatype>LOGDT011</logicalDatatype>
<ownDataTypeParameters>,,</ownDataTypeParameters>
</Attribute>
<Attribute name="num maq" id="013CB1E9-D099-96D3-A703-DC859AEDC263">
<createdBy>saulg</createdBy>
<createdTime>2025-10-12 13:18:16 UTC</createdTime>
<ownerDesignName>EFT_S9_Saul_gatica</ownerDesignName>
<engineerTo>
<item key="B6377D21-52CF-4617-C157-94839DAB144E" value="true"/>
</engineerTo>
<useDomainConstraints>false</useDomainConstraints>
<use>1</use>
<logicalDatatype>LOGDT011</logicalDatatype>
<ownDataTypeParameters>,,</ownDataTypeParameters>
</Attribute>
<Attribute name="id planta" id="3F7CEC16-B4B3-475E-C1F3-B72057BEFFF1">
<createdBy>saulg</createdBy>
<createdTime>2025-10-12 13:18:36 UTC</createdTime>
<ownerDesignName>EFT_S9_Saul_gatica</ownerDesignName>
<engineerTo>
<item key="B6377D21-52CF-4617-C157-94839DAB144E" value="true"/>
</engineerTo>
<useDomainConstraints>false</useDomainConstraints>
<use>1</use>
<logicalDatatype>LOGDT011</logicalDatatype>
<ownDataTypeParameters>,,</ownDataTypeParameters>
</Attribute>
<Attribute name="rol turno" id="0A5F84D0-95B7-73F1-03B0-19801D00DEF3">
<createdBy>saulg</createdBy>
<createdTime>2025-10-12 13:19:28 UTC</createdTime>
<ownerDesignName>EFT_S9_Saul_gatica</ownerDesignName>
<engineerTo>
<item key="B6377D21-52CF-4617-C157-94839DAB144E" value="true"/>
</engineerTo>
<useDomainConstraints>false</useDomainConstraints>
<use>1</use>
<logicalDatatype>LOGDT024</logicalDatatype>
<dataTypeSize>50</dataTypeSize>
<ownDataTypeParameters>50,,</ownDataTypeParameters>
</Attribute>
<Attribute name="id empleado" id="8BBEE42E-B781-C1D1-5492-58D6D5EF4812">
<createdBy>saulg</createdBy>
<createdTime>2025-10-12 16:01:56 UTC</createdTime>
<generatorID>73E57546-E2DF-DB70-170A-E2F43D318DB5</generatorID>
<ownerDesignName>EFT_S9_Saul_gatica</ownerDesignName>
<engineerTo>
<item key="B6377D21-52CF-4617-C157-94839DAB144E" value="true"/>
</engineerTo>
<referedAttribute>6D50E5C8-B1C5-35D5-299E-6E12915E7023</referedAttribute>
<useDomainConstraints>false</useDomainConstraints>
<use>1</use>
<logicalDatatype>LOGDT011</logicalDatatype>
<ownDataTypeParameters>,,</ownDataTypeParameters>
</Attribute>
<Attribute name="id turno1" id="3D7059E3-8D99-7DC4-7E09-88939F01B814">
<createdBy>saulg</createdBy>
<createdTime>2025-10-12 16:02:22 UTC</createdTime>
<generatorID>CEE3DDAB-0BE6-D58C-6EDA-27D0D705F889</generatorID>
<ownerDesignName>EFT_S9_Saul_gatica</ownerDesignName>
<engineerTo>
<item key="B6377D21-52CF-4617-C157-94839DAB144E" value="true"/>
</engineerTo>
<referedAttribute>4A3F6B78-48F2-F0AD-03BE-6FB71E78ED25</referedAttribute>
<useDomainConstraints>false</useDomainConstraints>
<use>1</use>
<logicalDatatype>LOGDT011</logicalDatatype>
<ownDataTypeParameters>,,</ownDataTypeParameters>
</Attribute>
<Attribute name="n maq" id="997774EB-5112-F3C6-5C16-5E8E597C4B10">
<createdBy>saulg</createdBy>
<createdTime>2025-10-12 16:02:32 UTC</createdTime>
<generatorID>BE7DD495-A0F0-197B-48A2-DA880BBE29CF</generatorID>
<ownerDesignName>EFT_S9_Saul_gatica</ownerDesignName>
<engineerTo>
<item key="B6377D21-52CF-4617-C157-94839DAB144E" value="true"/>
</engineerTo>
<referedAttribute>AB0E4C03-5E04-880C-4E44-166C37210533</referedAttribute>
<useDomainConstraints>false</useDomainConstraints>
<use>1</use>
<logicalDatatype>LOGDT011</logicalDatatype>
<ownDataTypeParameters>,,</ownDataTypeParameters>
</Attribute>
<Attribute name="id planta1" id="5BF8D4C3-F2D5-E33E-9942-7738066C7805">
<createdBy>saulg</createdBy>
<createdTime>2025-10-12 16:02:32 UTC</createdTime>
<generatorID>BE7DD495-A0F0-197B-48A2-DA880BBE29CF</generatorID>
<ownerDesignName>EFT_S9_Saul_gatica</ownerDesignName>
<engineerTo>
<item key="B6377D21-52CF-4617-C157-94839DAB144E" value="true"/>
</engineerTo>
<referedAttribute>5C647897-F515-2199-A04C-BB21BC1ED3E9</referedAttribute>
<useDomainConstraints>false</useDomainConstraints>
<use>1</use>
<logicalDatatype>LOGDT011</logicalDatatype>
<ownDataTypeParameters>,,</ownDataTypeParameters>
</Attribute>
<Attribute name="TURNO codigo turno" id="3AFCAFD0-9658-42C5-F71E-1D7107539CDB">
<createdBy>saulg</createdBy>
<createdTime>2025-10-12 18:40:22 UTC</createdTime>
<generatorID>5DD626CF-623B-A26D-D428-A135EF7AFBBF</generatorID>
<ownerDesignName>EFT_S9_Saul_gatica</ownerDesignName>
<engineerTo>
<item key="B6377D21-52CF-4617-C157-94839DAB144E" value="true"/>
</engineerTo>
<referedAttribute>4A3F6B78-48F2-F0AD-03BE-6FB71E78ED25</referedAttribute>
<useDomainConstraints>false</useDomainConstraints>
<use>1</use>
<logicalDatatype>LOGDT011</logicalDatatype>
<ownDataTypeParameters>,,</ownDataTypeParameters>
</Attribute>
<Attribute name="MAQUINA num maquina" id="19C479A8-28AB-AC5C-E66D-5F103F596F09">
<createdBy>saulg</createdBy>
<createdTime>2025-10-12 18:40:22 UTC</createdTime>
<generatorID>C78F7E80-84C0-B195-2A50-F32A43D344EE</generatorID>
<ownerDesignName>EFT_S9_Saul_gatica</ownerDesignName>
<engineerTo>
<item key="B6377D21-52CF-4617-C157-94839DAB144E" value="true"/>
</engineerTo>
<referedAttribute>AB0E4C03-5E04-880C-4E44-166C37210533</referedAttribute>
<useDomainConstraints>false</useDomainConstraints>
<use>1</use>
<logicalDatatype>LOGDT011</logicalDatatype>
<ownDataTypeParameters>,,</ownDataTypeParameters>
</Attribute>
<Attribute name="MAQUINA codigo planta" id="D1B42CF2-BE91-28A5-E5B9-ED64C481C397">
<createdBy>saulg</createdBy>
<createdTime>2025-10-12 18:40:22 UTC</createdTime>
<generatorID>C78F7E80-84C0-B195-2A50-F32A43D344EE</generatorID>
<ownerDesignName>EFT_S9_Saul_gatica</ownerDesignName>
<engineerTo>
<item key="B6377D21-52CF-4617-C157-94839DAB144E" value="true"/>
</engineerTo>
<referedAttribute>5C647897-F515-2199-A04C-BB21BC1ED3E9</referedAttribute>
<useDomainConstraints>false</useDomainConstraints>
<use>1</use>
<logicalDatatype>LOGDT011</logicalDatatype>
<ownDataTypeParameters>,,</ownDataTypeParameters>
</Attribute>
<Attribute name="id empleado1" id="9FFB8ABB-45A5-C3B6-38AE-B61EC0509917">
<createdBy>saulg</createdBy>
<createdTime>2025-10-12 18:40:22 UTC</createdTime>
<generatorID>0F7A6636-794C-ADC0-CF2C-81065330719F</generatorID>
<ownerDesignName>EFT_S9_Saul_gatica</ownerDesignName>
<engineerTo>
<item key="B6377D21-52CF-4617-C157-94839DAB144E" value="true"/>
</engineerTo>
<referedAttribute>6D50E5C8-B1C5-35D5-299E-6E12915E7023</referedAttribute>
<useDomainConstraints>false</useDomainConstraints>
<use>1</use>
<logicalDatatype>LOGDT011</logicalDatatype>
<ownDataTypeParameters>,,</ownDataTypeParameters>
</Attribute>
</attributes>
<identifiers itemClass="oracle.dbtools.crest.model.design.logical.CandidateKey">
<identifier id="8C0F89F2-18DA-44A2-E0A3-E19D1196F193" name="ASIGNACION_TURNO_PK">
<createdBy>saulg</createdBy>
<createdTime>2025-10-12 13:16:42 UTC</createdTime>
<ownerDesignName>EFT_S9_Saul_gatica</ownerDesignName>
<shouldEngineer>false</shouldEngineer>
<engineerTo>
<item key="B6377D21-52CF-4617-C157-94839DAB144E" value="false"/>
</engineerTo>
<pk>true</pk>
<usedAttributes>
<attributeRef>1318172E-6EF6-3DB5-AE1A-3654B7056EAD</attributeRef>
</usedAttributes>
</identifier>
<identifier id="01028A7A-9412-E5D1-EA1D-D499654F9E17" name="ASIGNACION TURNO  UN">
<createdBy>saulg</createdBy>
<createdTime>2025-10-12 18:40:22 UTC</createdTime>
<generatorID>75ADAD46-C136-8399-D846-2EC1E116B395</generatorID>
<ownerDesignName>EFT_S9_Saul_gatica</ownerDesignName>
<engineerTo>
<item key="B6377D21-52CF-4617-C157-94839DAB144E" value="true"/>
</engineerTo>
<usedAttributes>
<attributeRef>8D3A44B0-C3C6-4518-D162-1D013B49E1B5</attributeRef>
<attributeRef>B1E8106A-9CFA-0A5B-64D9-04C32BC58528</attributeRef>
</usedAttributes>
</identifier>
</identifiers>
</Entity>