<?xml version = '1.0' encoding = 'UTF-8'?>
<Entity class="oracle.dbtools.crest.model.design.logical.Entity" directorySegmentName="seg_0" id="D5F4A13A-17DB-8D7E-E8E5-848085137491" name="TIPO MAQUINA">
<createdBy>saulg</createdBy>
<createdTime>2025-10-12 03:24:43 UTC</createdTime>
<ownerDesignName>EFT_S9_Saul_gatica</ownerDesignName>
<engineerTo>
<item key="B6377D21-52CF-4617-C157-94839DAB144E" value="true"/>
</engineerTo>
<adequatelyNormalized>NO</adequatelyNormalized>
<expectedVolumes>0</expectedVolumes>
<fwdEngineeringStrategyName>Single Table</fwdEngineeringStrategyName>
<growthPercent>0</growthPercent>
<growthType>Year</growthType>
<maxVolumes>9999999</maxVolumes>
<minVolumes>0</minVolumes>
<normalForm>Third</normalForm>
<attributes itemClass="oracle.dbtools.crest.model.design.logical.Attribute">
<Attribute name="id tipo" id="7FC20635-AEC0-55D9-8577-2EB8DD87AAC3">
<createdBy>saulg</createdBy>
<createdTime>2025-10-12 03:24:54 UTC</createdTime>
<ownerDesignName>EFT_S9_Saul_gatica</ownerDesignName>
<engineerTo>
<item key="B6377D21-52CF-4617-C157-94839DAB144E" value="true"/>
</engineerTo>
<useDomainConstraints>false</useDomainConstraints>
<use>1</use>
<logicalDatatype>LOGDT011</logicalDatatype>
<ownDataTypeParameters>,,</ownDataTypeParameters>
</Attribute>
<Attribute name="nombre tipo" id="8C5C8E91-3526-333F-D8E6-3D1745D3E15A">
<createdBy>saulg</createdBy>
<createdTime>2025-10-12 03:26:37 UTC</createdTime>
<ownerDesignName>EFT_S9_Saul_gatica</ownerDesignName>
<engineerTo>
<item key="B6377D21-52CF-4617-C157-94839DAB144E" value="true"/>
</engineerTo>
<useDomainConstraints>false</useDomainConstraints>
<use>1</use>
<logicalDatatype>LOGDT024</logicalDatatype>
<dataTypeSize>50</dataTypeSize>
<ownDataTypeParameters>50,,</ownDataTypeParameters>
</Attribute>
</attributes>
<identifiers itemClass="oracle.dbtools.crest.model.design.logical.CandidateKey">
<identifier id="D67EFD6E-103F-EEDD-9B22-466A4DADE6D3" name="TIPO_MAQUINA_PK">
<createdBy>saulg</createdBy>
<createdTime>2025-10-12 03:26:15 UTC</createdTime>
<ownerDesignName>EFT_S9_Saul_gatica</ownerDesignName>
<shouldEngineer>false</shouldEngineer>
<engineerTo>
<item key="B6377D21-52CF-4617-C157-94839DAB144E" value="false"/>
</engineerTo>
<pk>true</pk>
<usedAttributes>
<attributeRef>7FC20635-AEC0-55D9-8577-2EB8DD87AAC3</attributeRef>
</usedAttributes>
</identifier>
</identifiers>
</Entity>