<?xml version = '1.0' encoding = 'UTF-8'?>
<Entity class="oracle.dbtools.crest.model.design.logical.Entity" directorySegmentName="seg_0" id="F86B1496-544F-64D8-D341-E5B60D1B5214" name="JEFE TURNO">
<createdBy>saulg</createdBy>
<createdTime>2025-10-12 02:51:16 UTC</createdTime>
<ownerDesignName>EFT_S9_Saul_gatica</ownerDesignName>
<engineerTo>
<item key="B6377D21-52CF-4617-C157-94839DAB144E" value="true"/>
</engineerTo>
<adequatelyNormalized>NO</adequatelyNormalized>
<expectedVolumes>0</expectedVolumes>
<fwdEngineeringStrategyName>Single Table</fwdEngineeringStrategyName>
<growthPercent>0</growthPercent>
<growthType>Year</growthType>
<hierarchicalParent>39BF0045-A706-D9CD-3722-9B17EDA82E53</hierarchicalParent>
<maxVolumes>9999999</maxVolumes>
<minVolumes>0</minVolumes>
<normalForm>Third</normalForm>
<attributes itemClass="oracle.dbtools.crest.model.design.logical.Attribute">
<Attribute name="id empleado1" id="69F3D177-339D-CD05-F097-1D329A56D6D2">
<createdBy>saulg</createdBy>
<createdTime>2025-10-12 02:53:33 UTC</createdTime>
<ownerDesignName>EFT_S9_Saul_gatica</ownerDesignName>
<engineerTo>
<item key="B6377D21-52CF-4617-C157-94839DAB144E" value="true"/>
</engineerTo>
<useDomainConstraints>false</useDomainConstraints>
<use>1</use>
<logicalDatatype>LOGDT011</logicalDatatype>
<ownDataTypeParameters>,,</ownDataTypeParameters>
</Attribute>
<Attribute name="area responsabilidad" id="B3A7FBAF-8CED-87F1-0CCA-348A883FF17E">
<createdBy>saulg</createdBy>
<createdTime>2025-10-12 02:54:52 UTC</createdTime>
<ownerDesignName>EFT_S9_Saul_gatica</ownerDesignName>
<engineerTo>
<item key="B6377D21-52CF-4617-C157-94839DAB144E" value="true"/>
</engineerTo>
<useDomainConstraints>false</useDomainConstraints>
<use>1</use>
<logicalDatatype>LOGDT024</logicalDatatype>
<dataTypeSize>100</dataTypeSize>
<ownDataTypeParameters>100,,</ownDataTypeParameters>
</Attribute>
<Attribute name="max operarios" id="5E467C72-EB09-9467-CAF1-2AF417C95944">
<createdBy>saulg</createdBy>
<createdTime>2025-10-12 02:55:21 UTC</createdTime>
<ownerDesignName>EFT_S9_Saul_gatica</ownerDesignName>
<engineerTo>
<item key="B6377D21-52CF-4617-C157-94839DAB144E" value="true"/>
</engineerTo>
<useDomainConstraints>false</useDomainConstraints>
<use>1</use>
<logicalDatatype>LOGDT011</logicalDatatype>
<ownDataTypeParameters>,,</ownDataTypeParameters>
</Attribute>
<Attribute name="id empleado" id="77B81E30-23CC-F829-15FB-6E981313301E">
<createdBy>saulg</createdBy>
<createdTime>2025-10-12 18:40:22 UTC</createdTime>
<generatorID>9B3EC259-39F9-7875-E04B-B7185503D3DD</generatorID>
<ownerDesignName>EFT_S9_Saul_gatica</ownerDesignName>
<engineerTo>
<item key="B6377D21-52CF-4617-C157-94839DAB144E" value="true"/>
</engineerTo>
<referedAttribute>6D50E5C8-B1C5-35D5-299E-6E12915E7023</referedAttribute>
<useDomainConstraints>false</useDomainConstraints>
<use>1</use>
<logicalDatatype>LOGDT011</logicalDatatype>
<ownDataTypeParameters>,,</ownDataTypeParameters>
</Attribute>
</attributes>
<identifiers itemClass="oracle.dbtools.crest.model.design.logical.CandidateKey">
<identifier id="8612D388-9E3B-FAAF-17DD-9D2687FEBD34" name="JEFE_TURNO PK">
<createdBy>saulg</createdBy>
<createdTime>2025-10-12 02:54:43 UTC</createdTime>
<ownerDesignName>EFT_S9_Saul_gatica</ownerDesignName>
<engineerTo>
<item key="B6377D21-52CF-4617-C157-94839DAB144E" value="true"/>
</engineerTo>
<pk>true</pk>
<usedAttributes>
<attributeRef>69F3D177-339D-CD05-F097-1D329A56D6D2</attributeRef>
</usedAttributes>
</identifier>
</identifiers>
</Entity>