<?xml version = '1.0' encoding = 'UTF-8'?>
<relationalModel class="oracle.dbtools.crest.model.design.relational.RelationalDesign" name="Relational_1" id="B6377D21-52CF-4617-C157-94839DAB144E" mainViewID="E1AE4344-B43D-3416-E60C-B838583A14DE">
<createdBy>saulg</createdBy>
<createdTime>2025-10-11 23:06:46 UTC</createdTime>
<ownerDesignName>EFT_S9_Saul_gatica</ownerDesignName>
<shouldBeOpen>false</shouldBeOpen>
<selectedRDBMSSite>32076570-2523-435C-2E92-BF29817DFF70</selectedRDBMSSite>
</relationalModel>