<?xml version = '1.0' encoding = 'UTF-8'?>
<Diagram class="oracle.dbtools.crest.swingui.logical.DPVLogicalSubView" name="Logical - SubView_2" id="791B3EFE-A4A5-FE7B-08BF-F9C5E118E252">
<createdBy>saulg</createdBy>
<modifiedBy>saulg</modifiedBy>
<createdTime>2025-10-12 14:00:46 UTC</createdTime>
<autoRoute>false</autoRoute>
<boxInbox>true</boxInbox>
<showLegend>false</showLegend>
<showLabels>false</showLabels>
<showRelAttributes>false</showRelAttributes>
<gridEnabled>false</gridEnabled>
<showGrid>false</showGrid>
<diagramColor>-1</diagramColor>
<display>false</display>
<notation>1</notation>
<objectViews>
<OView class="oracle.dbtools.crest.swingui.logical.TVEntity" oid="39BF0045-A706-D9CD-3722-9B17EDA82E53" otype="Entity" vid="0A944034-128A-1C8E-3B32-0976F237BE01">
<hideElementsInCurrentOnly>false</hideElementsInCurrentOnly>
<bounds x="21" y="259" width="467" height="237"/>
</OView>
</objectViews>
<connectors>
<Connector class="oracle.dbtools.crest.swingui.logical.TVRelation" oid="0ED5BABD-C9ED-949D-41DE-603A645AF4DB" otype="Relation" vid_source="0A944034-128A-1C8E-3B32-0976F237BE01" vid_target="0A944034-128A-1C8E-3B32-0976F237BE01">
<hideElementsInCurrentOnly>false</hideElementsInCurrentOnly>
<backgroundColor>-16777216</backgroundColor>
<lineWidth>1</lineWidth>
<points>
<point x="488" y="398"/>
<point x="563" y="398"/>
<point x="563" y="571"/>
<point x="295" y="571"/>
<point x="295" y="496"/>
</points>
</Connector>
<Connector class="oracle.dbtools.crest.swingui.logical.TVRelation" oid="823BC5DD-545D-1C35-ECC8-56C8E58FB218" otype="Relation" vid_source="0A944034-128A-1C8E-3B32-0976F237BE01" vid_target="0A944034-128A-1C8E-3B32-0976F237BE01">
<hideElementsInCurrentOnly>false</hideElementsInCurrentOnly>
<backgroundColor>-16777216</backgroundColor>
<lineWidth>1</lineWidth>
<points>
<point x="488" y="398"/>
<point x="538" y="398"/>
<point x="538" y="546"/>
<point x="295" y="546"/>
<point x="295" y="496"/>
</points>
</Connector>
<Connector class="oracle.dbtools.crest.swingui.logical.TVRelation" oid="C750370E-0D0F-59E4-B079-D69FB554182F" otype="Relation" vid_source="0A944034-128A-1C8E-3B32-0976F237BE01" vid_target="0A944034-128A-1C8E-3B32-0976F237BE01">
<hideElementsInCurrentOnly>false</hideElementsInCurrentOnly>
<backgroundColor>-16777216</backgroundColor>
<lineWidth>1</lineWidth>
<points>
<point x="488" y="300"/>
<point x="917" y="300"/>
<point x="917" y="423"/>
<point x="740" y="423"/>
<point x="488" y="423"/>
</points>
</Connector>
</connectors>
</Diagram>