<?xml version = '1.0' encoding = 'UTF-8'?>
<Diagram class="oracle.dbtools.crest.swingui.logical.DPVLogicalSubView" name="Logical - SubView_1" id="909BAA12-35F7-DF43-5A0F-14474DB0D6B6">
<createdBy>saulg</createdBy>
<modifiedBy>saulg</modifiedBy>
<createdTime>2025-10-12 03:21:55 UTC</createdTime>
<autoRoute>false</autoRoute>
<boxInbox>true</boxInbox>
<showLegend>false</showLegend>
<showLabels>false</showLabels>
<showRelAttributes>false</showRelAttributes>
<gridEnabled>false</gridEnabled>
<showGrid>false</showGrid>
<diagramColor>-1</diagramColor>
<display>false</display>
<notation>1</notation>
<objectViews>
<OView class="oracle.dbtools.crest.swingui.logical.TVEntity" oid="F86B1496-544F-64D8-D341-E5B60D1B5214" otype="Entity" vid="E257A186-28E0-22F2-341E-184F9BE5827B">
<hideElementsInCurrentOnly>false</hideElementsInCurrentOnly>
<bounds x="326" y="247" width="155" height="94"/>
</OView>
</objectViews>
</Diagram>