<?xml version = '1.0' encoding = 'UTF-8'?>
<Diagram class="oracle.dbtools.crest.swingui.logical.DPVLogical" name="Logical" id="CBD24B94-07F2-8425-0180-FB73C6986D8C">
<createdBy>saulg</createdBy>
<modifiedBy>saulg</modifiedBy>
<createdTime>2025-10-11 23:48:30 UTC</createdTime>
<autoRoute>false</autoRoute>
<boxInbox>true</boxInbox>
<showLegend>false</showLegend>
<showLabels>false</showLabels>
<showRelAttributes>true</showRelAttributes>
<gridEnabled>false</gridEnabled>
<showGrid>false</showGrid>
<diagramColor>-1</diagramColor>
<display>false</display>
<notation>1</notation>
<objectViews>
<OView class="oracle.dbtools.crest.swingui.logical.TVEntity" oid="0038C59A-209C-8FF4-03AD-D58B2E36BCB1" otype="Entity" vid="E72D69BE-B674-79AF-E1CC-E378751380FE">
<hideElementsInCurrentOnly>false</hideElementsInCurrentOnly>
<bounds x="261" y="28" width="188" height="79"/>
</OView>
<OView class="oracle.dbtools.crest.swingui.logical.TVEntity" oid="1D12187E-7E64-8E37-957B-B69A072F40B0" otype="Entity" vid="41165C29-489A-4758-B375-2A7AC909032F">
<hideElementsInCurrentOnly>false</hideElementsInCurrentOnly>
<bounds x="0" y="170" width="204" height="79"/>
</OView>
<OView class="oracle.dbtools.crest.swingui.logical.TVEntity" oid="2B4E9182-B72B-64CF-DCFB-DF6318B723D5" otype="Entity" vid="704AE8DA-9D8E-A38B-D89B-0859E5C7F8B2">
<hideElementsInCurrentOnly>false</hideElementsInCurrentOnly>
<bounds x="34" y="24" width="147" height="77"/>
</OView>
<OView class="oracle.dbtools.crest.swingui.logical.TVEntity" oid="39BF0045-A706-D9CD-3722-9B17EDA82E53" otype="Entity" vid="B3AAEF24-3394-4CB3-0DB4-3778F2A14379">
<hideElementsInCurrentOnly>false</hideElementsInCurrentOnly>
<bounds x="271" y="129" width="367" height="237"/>
</OView>
<OView class="oracle.dbtools.crest.swingui.logical.TVEntity" oid="49C3145C-C5A1-AEC6-6FDF-4DBD637B471B" otype="Entity" vid="44BD7EE6-A4C4-FC0A-B527-A9E45AD60CCC">
<hideElementsInCurrentOnly>false</hideElementsInCurrentOnly>
<bounds x="655" y="501" width="161" height="106"/>
</OView>
<OView class="oracle.dbtools.crest.swingui.logical.TVEntity" oid="4A4DE374-C266-15BC-4FF4-FFC61672BC5B" otype="Entity" vid="55AF8D1B-6224-6FCD-9B40-67FD6284FCF7">
<hideElementsInCurrentOnly>false</hideElementsInCurrentOnly>
<bounds x="0" y="271" width="198" height="99"/>
</OView>
<OView class="oracle.dbtools.crest.swingui.logical.TVEntity" oid="53973F39-62D5-39B9-3C48-0A9DB4478FBE" otype="Entity" vid="E336A6D7-B5DB-2607-D527-839A66FC11C5">
<hideElementsInCurrentOnly>false</hideElementsInCurrentOnly>
<bounds x="1085" y="23" width="128" height="98"/>
</OView>
<OView class="oracle.dbtools.crest.swingui.logical.TVEntity" oid="596425EB-3356-F94F-C72C-340397C7CAFE" otype="Entity" vid="FD01F938-D7C3-0394-96D1-B38B839AEBC1">
<hideElementsInCurrentOnly>false</hideElementsInCurrentOnly>
<bounds x="519" y="225" width="109" height="107"/>
</OView>
<OView class="oracle.dbtools.crest.swingui.logical.TVEntity" oid="5D5048E8-2E04-A7EF-7B41-F03E87A3BF26" otype="Entity" vid="34ED8588-A23A-DBB4-F51B-9770977A0C1B">
<hideElementsInCurrentOnly>false</hideElementsInCurrentOnly>
<bounds x="856" y="16" width="174" height="86"/>
</OView>
<OView class="oracle.dbtools.crest.swingui.logical.TVEntity" oid="8E0235F1-F849-0142-C9CE-7475CE83613E" otype="Entity" vid="8DB2D55C-B505-EF45-A4AC-9A6BC8F7056A">
<hideElementsInCurrentOnly>false</hideElementsInCurrentOnly>
<bounds x="991" y="159" width="122" height="146"/>
</OView>
<OView class="oracle.dbtools.crest.swingui.logical.TVEntity" oid="A1E30E5F-24D8-3E45-E070-E5BA6DDEF342" otype="Entity" vid="F3BC242F-FA1E-0D01-E11E-B1C1E46204C1">
<hideElementsInCurrentOnly>false</hideElementsInCurrentOnly>
<bounds x="1103" y="480" width="124" height="149"/>
</OView>
<OView class="oracle.dbtools.crest.swingui.logical.TVEntity" oid="B8948BBA-5948-8AC7-EF7D-0EF0BD335B3D" otype="Entity" vid="63338628-1655-1F9D-8EB7-B3B088FC2921">
<hideElementsInCurrentOnly>false</hideElementsInCurrentOnly>
<bounds x="468" y="139" width="160" height="86"/>
</OView>
<OView class="oracle.dbtools.crest.swingui.logical.TVEntity" oid="D5F4A13A-17DB-8D7E-E8E5-848085137491" otype="Entity" vid="47D5CEB2-F57B-2724-C60C-8873E03BC9B8">
<hideElementsInCurrentOnly>false</hideElementsInCurrentOnly>
<bounds x="895" y="532" width="173" height="62"/>
</OView>
<OView class="oracle.dbtools.crest.swingui.logical.TVEntity" oid="F86B1496-544F-64D8-D341-E5B60D1B5214" otype="Entity" vid="3D6597D7-DD8A-553B-5480-55304F071E06">
<hideElementsInCurrentOnly>false</hideElementsInCurrentOnly>
<bounds x="357" y="288" width="155" height="68"/>
</OView>
</objectViews>
<connectors>
<Connector class="oracle.dbtools.crest.swingui.logical.TVRelation" oid="0ED5BABD-C9ED-949D-41DE-603A645AF4DB" otype="Relation" vid_source="B3AAEF24-3394-4CB3-0DB4-3778F2A14379" vid_target="B3AAEF24-3394-4CB3-0DB4-3778F2A14379">
<hideElementsInCurrentOnly>false</hideElementsInCurrentOnly>
<backgroundColor>-16777216</backgroundColor>
<lineWidth>1</lineWidth>
<points>
<point x="638" y="268"/>
<point x="713" y="268"/>
<point x="713" y="441"/>
<point x="486" y="441"/>
<point x="486" y="366"/>
</points>
</Connector>
<Connector class="oracle.dbtools.crest.swingui.logical.TVRelation" oid="0F7A6636-794C-ADC0-CF2C-81065330719F" otype="Relation" vid_source="B3AAEF24-3394-4CB3-0DB4-3778F2A14379" vid_target="F3BC242F-FA1E-0D01-E11E-B1C1E46204C1">
<hideElementsInCurrentOnly>false</hideElementsInCurrentOnly>
<backgroundColor>-16777216</backgroundColor>
<lineWidth>1</lineWidth>
<points>
<point x="638" y="326"/>
<point x="1103" y="527"/>
</points>
</Connector>
<Connector class="oracle.dbtools.crest.swingui.logical.TVRelation" oid="117B658D-D207-EC39-1D87-460ADCA60DF3" otype="Relation" vid_source="47D5CEB2-F57B-2724-C60C-8873E03BC9B8" vid_target="44BD7EE6-A4C4-FC0A-B527-A9E45AD60CCC">
<hideElementsInCurrentOnly>false</hideElementsInCurrentOnly>
<backgroundColor>-16777216</backgroundColor>
<lineWidth>1</lineWidth>
<points>
<point x="895" y="578"/>
<point x="816" y="578"/>
</points>
</Connector>
<Connector class="oracle.dbtools.crest.swingui.logical.TVRelation" oid="2A05B9A4-F924-340B-206F-21926C0F774F" otype="Relation" vid_source="44BD7EE6-A4C4-FC0A-B527-A9E45AD60CCC" vid_target="8DB2D55C-B505-EF45-A4AC-9A6BC8F7056A">
<hideElementsInCurrentOnly>false</hideElementsInCurrentOnly>
<backgroundColor>-16777216</backgroundColor>
<lineWidth>1</lineWidth>
<points>
<point x="787" y="501"/>
<point x="991" y="204"/>
</points>
</Connector>
<Connector class="oracle.dbtools.crest.swingui.logical.TVRelation" oid="2E36586E-495A-8E1E-CCD7-2A13FCC27226" otype="Relation" vid_source="FD01F938-D7C3-0394-96D1-B38B839AEBC1" vid_target="8DB2D55C-B505-EF45-A4AC-9A6BC8F7056A">
<hideElementsInCurrentOnly>false</hideElementsInCurrentOnly>
<backgroundColor>-16777216</backgroundColor>
<lineWidth>1</lineWidth>
<points>
<point x="628" y="295"/>
<point x="991" y="295"/>
</points>
</Connector>
<Connector class="oracle.dbtools.crest.swingui.logical.TVRelation" oid="4BAA33E1-056F-AC93-FECE-8FDD3B976F11" otype="Relation" vid_source="704AE8DA-9D8E-A38B-D89B-0859E5C7F8B2" vid_target="E72D69BE-B674-79AF-E1CC-E378751380FE">
<hideElementsInCurrentOnly>false</hideElementsInCurrentOnly>
<backgroundColor>-16777216</backgroundColor>
<lineWidth>1</lineWidth>
<points>
<point x="181" y="94"/>
<point x="261" y="94"/>
</points>
</Connector>
<Connector class="oracle.dbtools.crest.swingui.logical.TVRelation" oid="5D5E9461-C3F1-6055-AA1D-B1A67A4E0C4E" otype="Relation" vid_source="41165C29-489A-4758-B375-2A7AC909032F" vid_target="B3AAEF24-3394-4CB3-0DB4-3778F2A14379">
<hideElementsInCurrentOnly>false</hideElementsInCurrentOnly>
<backgroundColor>-16777216</backgroundColor>
<lineWidth>1</lineWidth>
<points>
<point x="204" y="209"/>
<point x="271" y="209"/>
</points>
</Connector>
<Connector class="oracle.dbtools.crest.swingui.logical.TVRelation" oid="5DD626CF-623B-A26D-D428-A135EF7AFBBF" otype="Relation" vid_source="E336A6D7-B5DB-2607-D527-839A66FC11C5" vid_target="F3BC242F-FA1E-0D01-E11E-B1C1E46204C1">
<hideElementsInCurrentOnly>false</hideElementsInCurrentOnly>
<backgroundColor>-16777216</backgroundColor>
<lineWidth>1</lineWidth>
<points>
<point x="1188" y="121"/>
<point x="1188" y="480"/>
</points>
</Connector>
<Connector class="oracle.dbtools.crest.swingui.logical.TVRelation" oid="5EEBA9D0-6585-40AC-5CB3-9584630140CD" otype="Relation" vid_source="E72D69BE-B674-79AF-E1CC-E378751380FE" vid_target="34ED8588-A23A-DBB4-F51B-9770977A0C1B">
<hideElementsInCurrentOnly>false</hideElementsInCurrentOnly>
<backgroundColor>-16777216</backgroundColor>
<lineWidth>1</lineWidth>
<points>
<point x="449" y="50"/>
<point x="856" y="50"/>
</points>
</Connector>
<Connector class="oracle.dbtools.crest.swingui.logical.TVRelation" oid="636976DA-0963-8632-18EA-C1832C17F88E" otype="Relation" vid_source="34ED8588-A23A-DBB4-F51B-9770977A0C1B" vid_target="44BD7EE6-A4C4-FC0A-B527-A9E45AD60CCC">
<hideElementsInCurrentOnly>false</hideElementsInCurrentOnly>
<backgroundColor>-16777216</backgroundColor>
<lineWidth>1</lineWidth>
<points>
<point x="924" y="102"/>
<point x="727" y="501"/>
</points>
</Connector>
<Connector class="oracle.dbtools.crest.swingui.logical.TVRelation" oid="6B3B51FF-2A1F-FFFF-21D6-93F5AA407988" otype="Relation" vid_source="34ED8588-A23A-DBB4-F51B-9770977A0C1B" vid_target="B3AAEF24-3394-4CB3-0DB4-3778F2A14379">
<hideElementsInCurrentOnly>false</hideElementsInCurrentOnly>
<backgroundColor>-16777216</backgroundColor>
<lineWidth>1</lineWidth>
<points>
<point x="856" y="92"/>
<point x="638" y="176"/>
</points>
</Connector>
<Connector class="oracle.dbtools.crest.swingui.logical.TVRelation" oid="6C9A6BC1-DCDE-05EE-9F3F-429AAE276F5C" otype="Relation" vid_source="E72D69BE-B674-79AF-E1CC-E378751380FE" vid_target="34ED8588-A23A-DBB4-F51B-9770977A0C1B">
<hideElementsInCurrentOnly>false</hideElementsInCurrentOnly>
<backgroundColor>-16777216</backgroundColor>
<lineWidth>1</lineWidth>
<points>
<point x="449" y="85"/>
<point x="856" y="85"/>
</points>
</Connector>
<Connector class="oracle.dbtools.crest.swingui.logical.TVInheritanceRelation" oid="6E5BD3EC-FFF0-A92F-9AFA-CE0B2F1D93B9" otype="Hierarchy relation" vid_source="B3AAEF24-3394-4CB3-0DB4-3778F2A14379" vid_target="63338628-1655-1F9D-8EB7-B3B088FC2921">
<hideElementsInCurrentOnly>false</hideElementsInCurrentOnly>
<backgroundColor>-65536</backgroundColor>
<lineWidth>1</lineWidth>
</Connector>
<Connector class="oracle.dbtools.crest.swingui.logical.TVRelation" oid="71A5B302-CD99-8323-E050-7ACF366C9DD8" otype="Relation" vid_source="34ED8588-A23A-DBB4-F51B-9770977A0C1B" vid_target="B3AAEF24-3394-4CB3-0DB4-3778F2A14379">
<hideElementsInCurrentOnly>false</hideElementsInCurrentOnly>
<backgroundColor>-16777216</backgroundColor>
<lineWidth>1</lineWidth>
<points>
<point x="856" y="92"/>
<point x="638" y="176"/>
</points>
</Connector>
<Connector class="oracle.dbtools.crest.swingui.logical.TVRelation" oid="73E57546-E2DF-DB70-170A-E2F43D318DB5" otype="Relation" vid_source="B3AAEF24-3394-4CB3-0DB4-3778F2A14379" vid_target="F3BC242F-FA1E-0D01-E11E-B1C1E46204C1">
<hideElementsInCurrentOnly>false</hideElementsInCurrentOnly>
<backgroundColor>-16777216</backgroundColor>
<lineWidth>1</lineWidth>
<points>
<point x="638" y="326"/>
<point x="1103" y="527"/>
</points>
</Connector>
<Connector class="oracle.dbtools.crest.swingui.logical.TVRelation" oid="7DAB9EDF-384C-11E2-C505-88BEB9ACE5E6" otype="Relation" vid_source="55AF8D1B-6224-6FCD-9B40-67FD6284FCF7" vid_target="B3AAEF24-3394-4CB3-0DB4-3778F2A14379">
<hideElementsInCurrentOnly>false</hideElementsInCurrentOnly>
<backgroundColor>-16777216</backgroundColor>
<lineWidth>1</lineWidth>
<points>
<point x="198" y="333"/>
<point x="271" y="333"/>
</points>
</Connector>
<Connector class="oracle.dbtools.crest.swingui.logical.TVRelation" oid="823BC5DD-545D-1C35-ECC8-56C8E58FB218" otype="Relation" vid_source="B3AAEF24-3394-4CB3-0DB4-3778F2A14379" vid_target="B3AAEF24-3394-4CB3-0DB4-3778F2A14379">
<hideElementsInCurrentOnly>false</hideElementsInCurrentOnly>
<backgroundColor>-16777216</backgroundColor>
<lineWidth>1</lineWidth>
<points>
<point x="638" y="268"/>
<point x="688" y="268"/>
<point x="688" y="416"/>
<point x="486" y="416"/>
<point x="486" y="366"/>
</points>
</Connector>
<Connector class="oracle.dbtools.crest.swingui.logical.TVRelation" oid="83C53176-1198-C889-AB9D-FC3526FC32FF" otype="Relation" vid_source="34ED8588-A23A-DBB4-F51B-9770977A0C1B" vid_target="44BD7EE6-A4C4-FC0A-B527-A9E45AD60CCC">
<hideElementsInCurrentOnly>false</hideElementsInCurrentOnly>
<backgroundColor>-16777216</backgroundColor>
<lineWidth>1</lineWidth>
<points>
<point x="924" y="102"/>
<point x="757" y="501"/>
</points>
</Connector>
<Connector class="oracle.dbtools.crest.swingui.logical.TVRelation" oid="84A4BFD9-2BC4-F198-4D64-136C3F4218CC" otype="Relation" vid_source="47D5CEB2-F57B-2724-C60C-8873E03BC9B8" vid_target="44BD7EE6-A4C4-FC0A-B527-A9E45AD60CCC">
<hideElementsInCurrentOnly>false</hideElementsInCurrentOnly>
<backgroundColor>-16777216</backgroundColor>
<lineWidth>1</lineWidth>
<points>
<point x="895" y="548"/>
<point x="816" y="548"/>
</points>
</Connector>
<Connector class="oracle.dbtools.crest.swingui.logical.TVInheritanceRelation" oid="8AAFEB7B-B559-3129-3B82-B59EA5E57589" otype="Hierarchy relation" vid_source="B3AAEF24-3394-4CB3-0DB4-3778F2A14379" vid_target="3D6597D7-DD8A-553B-5480-55304F071E06">
<hideElementsInCurrentOnly>false</hideElementsInCurrentOnly>
<backgroundColor>-65536</backgroundColor>
<lineWidth>1</lineWidth>
</Connector>
<Connector class="oracle.dbtools.crest.swingui.logical.TVRelation" oid="9B3EC259-39F9-7875-E04B-B7185503D3DD" otype="Relation" vid_source="B3AAEF24-3394-4CB3-0DB4-3778F2A14379" vid_target="3D6597D7-DD8A-553B-5480-55304F071E06">
<hideElementsInCurrentOnly>false</hideElementsInCurrentOnly>
<backgroundColor>-16777216</backgroundColor>
<lineWidth>1</lineWidth>
<points>
<point x="638" y="292"/>
<point x="357" y="292"/>
</points>
</Connector>
<Connector class="oracle.dbtools.crest.swingui.logical.TVRelation" oid="B6899A85-A3A3-50AD-2509-6D40FBF84686" otype="Relation" vid_source="FD01F938-D7C3-0394-96D1-B38B839AEBC1" vid_target="8DB2D55C-B505-EF45-A4AC-9A6BC8F7056A">
<hideElementsInCurrentOnly>false</hideElementsInCurrentOnly>
<backgroundColor>-16777216</backgroundColor>
<lineWidth>1</lineWidth>
<points>
<point x="628" y="225"/>
<point x="991" y="193"/>
</points>
</Connector>
<Connector class="oracle.dbtools.crest.swingui.logical.TVRelation" oid="BE7DD495-A0F0-197B-48A2-DA880BBE29CF" otype="Relation" vid_source="44BD7EE6-A4C4-FC0A-B527-A9E45AD60CCC" vid_target="F3BC242F-FA1E-0D01-E11E-B1C1E46204C1">
<hideElementsInCurrentOnly>false</hideElementsInCurrentOnly>
<backgroundColor>-16777216</backgroundColor>
<lineWidth>1</lineWidth>
<points>
<point x="816" y="509"/>
<point x="1103" y="509"/>
</points>
</Connector>
<Connector class="oracle.dbtools.crest.swingui.logical.TVRelation" oid="C3061766-A63F-88FC-E5FE-8C738E5C60F8" otype="Relation" vid_source="41165C29-489A-4758-B375-2A7AC909032F" vid_target="B3AAEF24-3394-4CB3-0DB4-3778F2A14379">
<hideElementsInCurrentOnly>false</hideElementsInCurrentOnly>
<backgroundColor>-16777216</backgroundColor>
<lineWidth>1</lineWidth>
<points>
<point x="204" y="224"/>
<point x="271" y="224"/>
</points>
</Connector>
<Connector class="oracle.dbtools.crest.swingui.logical.TVRelation" oid="C750370E-0D0F-59E4-B079-D69FB554182F" otype="Relation" vid_source="B3AAEF24-3394-4CB3-0DB4-3778F2A14379" vid_target="B3AAEF24-3394-4CB3-0DB4-3778F2A14379">
<hideElementsInCurrentOnly>false</hideElementsInCurrentOnly>
<backgroundColor>-16777216</backgroundColor>
<lineWidth>1</lineWidth>
<points>
<point x="554" y="337"/>
<point x="554" y="296"/>
<point x="554" y="419"/>
<point x="377" y="419"/>
<point x="377" y="366"/>
</points>
</Connector>
<Connector class="oracle.dbtools.crest.swingui.logical.TVRelation" oid="C78F7E80-84C0-B195-2A50-F32A43D344EE" otype="Relation" vid_source="44BD7EE6-A4C4-FC0A-B527-A9E45AD60CCC" vid_target="F3BC242F-FA1E-0D01-E11E-B1C1E46204C1">
<hideElementsInCurrentOnly>false</hideElementsInCurrentOnly>
<backgroundColor>-16777216</backgroundColor>
<lineWidth>1</lineWidth>
<points>
<point x="816" y="539"/>
<point x="1103" y="539"/>
</points>
</Connector>
<Connector class="oracle.dbtools.crest.swingui.logical.TVRelation" oid="CE799352-3B94-4601-6235-876FCADEF467" otype="Relation" vid_source="44BD7EE6-A4C4-FC0A-B527-A9E45AD60CCC" vid_target="8DB2D55C-B505-EF45-A4AC-9A6BC8F7056A">
<hideElementsInCurrentOnly>false</hideElementsInCurrentOnly>
<backgroundColor>-16777216</backgroundColor>
<lineWidth>1</lineWidth>
<points>
<point x="787" y="501"/>
<point x="991" y="219"/>
</points>
</Connector>
<Connector class="oracle.dbtools.crest.swingui.logical.TVRelation" oid="CEE3DDAB-0BE6-D58C-6EDA-27D0D705F889" otype="Relation" vid_source="E336A6D7-B5DB-2607-D527-839A66FC11C5" vid_target="F3BC242F-FA1E-0D01-E11E-B1C1E46204C1">
<hideElementsInCurrentOnly>false</hideElementsInCurrentOnly>
<backgroundColor>-16777216</backgroundColor>
<lineWidth>1</lineWidth>
<points>
<point x="1143" y="121"/>
<point x="1143" y="480"/>
</points>
</Connector>
<Connector class="oracle.dbtools.crest.swingui.logical.TVRelation" oid="D551A30A-BF67-0612-1DDC-C3C4C59CBFC9" otype="Relation" vid_source="55AF8D1B-6224-6FCD-9B40-67FD6284FCF7" vid_target="B3AAEF24-3394-4CB3-0DB4-3778F2A14379">
<hideElementsInCurrentOnly>false</hideElementsInCurrentOnly>
<backgroundColor>-16777216</backgroundColor>
<lineWidth>1</lineWidth>
<points>
<point x="198" y="318"/>
<point x="271" y="318"/>
</points>
</Connector>
<Connector class="oracle.dbtools.crest.swingui.logical.TVInheritanceRelation" oid="D9892A85-2BC0-C867-1845-07B4546AE2E6" otype="Hierarchy relation" vid_source="B3AAEF24-3394-4CB3-0DB4-3778F2A14379" vid_target="FD01F938-D7C3-0394-96D1-B38B839AEBC1">
<hideElementsInCurrentOnly>false</hideElementsInCurrentOnly>
<backgroundColor>-65536</backgroundColor>
<lineWidth>1</lineWidth>
</Connector>
</connectors>
</Diagram>