<?xml version = '1.0' encoding = 'UTF-8'?>
<Relation class="oracle.dbtools.crest.model.design.logical.Relation" name="EMPLEADO EMPLEADO FKv3" directorySegmentName="seg_0" id="0ED5BABD-C9ED-949D-41DE-603A645AF4DB">
<createdBy>saulg</createdBy>
<createdTime>2025-10-12 15:58:19 UTC</createdTime>
<ownerDesignName>EFT_S9_Saul_gatica</ownerDesignName>
<engineerTo>
<item key="B6377D21-52CF-4617-C157-94839DAB144E" value="true"/>
</engineerTo>
<targetPk>6E3A130C-79EB-61BF-370F-33205C652D3A</targetPk>
<identifying>false</identifying>
<optionalSource>false</optionalSource>
<optionalTarget>false</optionalTarget>
<sourceCardinality>1</sourceCardinality>
<sourceEntity>39BF0045-A706-D9CD-3722-9B17EDA82E53</sourceEntity>
<targetCardinalityString>*</targetCardinalityString>
<targetEntity>39BF0045-A706-D9CD-3722-9B17EDA82E53</targetEntity>
<transferable>true</transferable>
<deleteRule>NO ACTION</deleteRule>
</Relation>