<?xml version = '1.0' encoding = 'UTF-8'?>
<Relation class="oracle.dbtools.crest.model.design.logical.Relation" name="MAQUINA TIPO MAQUINA FKv2" directorySegmentName="seg_0" id="117B658D-D207-EC39-1D87-460ADCA60DF3">
<createdBy>saulg</createdBy>
<createdTime>2025-10-12 16:00:26 UTC</createdTime>
<ownerDesignName>EFT_S9_Saul_gatica</ownerDesignName>
<engineerTo>
<item key="B6377D21-52CF-4617-C157-94839DAB144E" value="true"/>
</engineerTo>
<sourcePk>D67EFD6E-103F-EEDD-9B22-466A4DADE6D3</sourcePk>
<identifying>false</identifying>
<optionalSource>true</optionalSource>
<optionalTarget>false</optionalTarget>
<sourceCardinality>1</sourceCardinality>
<sourceEntity>D5F4A13A-17DB-8D7E-E8E5-848085137491</sourceEntity>
<targetCardinalityString>*</targetCardinalityString>
<targetEntity>49C3145C-C5A1-AEC6-6FDF-4DBD637B471B</targetEntity>
<transferable>true</transferable>
<deleteRule>NO ACTION</deleteRule>
</Relation>