<?xml version = '1.0' encoding = 'UTF-8'?>
<Relation class="oracle.dbtools.crest.model.design.logical.Relation" name="O_T_MAQUINA_FK" directorySegmentName="seg_0" id="2A05B9A4-F924-340B-206F-21926C0F774F">
<createdBy>saulg</createdBy>
<createdTime>2025-10-12 18:40:22 UTC</createdTime>
<generatorID>F64923C5-E79D-F7E6-CAA4-D2558DAA844E</generatorID>
<ownerDesignName>EFT_S9_Saul_gatica</ownerDesignName>
<engineerTo>
<item key="B6377D21-52CF-4617-C157-94839DAB144E" value="true"/>
</engineerTo>
<sourcePk>44C8A8C7-67CD-0DB9-B80E-A8E1CBC947E3</sourcePk>
<identifying>false</identifying>
<optionalSource>true</optionalSource>
<optionalTarget>false</optionalTarget>
<sourceCardinality>1</sourceCardinality>
<sourceEntity>49C3145C-C5A1-AEC6-6FDF-4DBD637B471B</sourceEntity>
<targetCardinalityString>*</targetCardinalityString>
<targetEntity>8E0235F1-F849-0142-C9CE-7475CE83613E</targetEntity>
<transferable>true</transferable>
<deleteRule>NO ACTION</deleteRule>
</Relation>