<?xml version = '1.0' encoding = 'UTF-8'?>
<Relation class="oracle.dbtools.crest.model.design.logical.Relation" name="ORDEN MANTENCION TECNICO MANTENCION FK" directorySegmentName="seg_0" id="2E36586E-495A-8E1E-CCD7-2A13FCC27226">
<createdBy>saulg</createdBy>
<createdTime>2025-10-12 16:01:32 UTC</createdTime>
<ownerDesignName>EFT_S9_Saul_gatica</ownerDesignName>
<engineerTo>
<item key="B6377D21-52CF-4617-C157-94839DAB144E" value="true"/>
</engineerTo>
<sourcePk>7F2C972C-700F-2F6B-31D6-AB8D33160100</sourcePk>
<identifying>false</identifying>
<optionalSource>true</optionalSource>
<optionalTarget>false</optionalTarget>
<sourceCardinality>1</sourceCardinality>
<sourceEntity>596425EB-3356-F94F-C72C-340397C7CAFE</sourceEntity>
<targetCardinalityString>*</targetCardinalityString>
<targetEntity>8E0235F1-F849-0142-C9CE-7475CE83613E</targetEntity>
<transferable>true</transferable>
<deleteRule>NO ACTION</deleteRule>
</Relation>