<?xml version = '1.0' encoding = 'UTF-8'?>
<Relation class="oracle.dbtools.crest.model.design.logical.Relation" name="COMUNA Regionv1 FK" directorySegmentName="seg_0" id="4BAA33E1-056F-AC93-FECE-8FDD3B976F11">
<createdBy>saulg</createdBy>
<createdTime>2025-10-12 15:44:08 UTC</createdTime>
<ownerDesignName>EFT_S9_Saul_gatica</ownerDesignName>
<engineerTo>
<item key="B6377D21-52CF-4617-C157-94839DAB144E" value="true"/>
</engineerTo>
<sourcePk>FB57134B-DE0D-67D2-FA94-4A0CF77A1B47</sourcePk>
<identifying>false</identifying>
<optionalSource>true</optionalSource>
<optionalTarget>false</optionalTarget>
<sourceCardinality>1</sourceCardinality>
<sourceEntity>2B4E9182-B72B-64CF-DCFB-DF6318B723D5</sourceEntity>
<targetCardinalityString>*</targetCardinalityString>
<targetEntity>0038C59A-209C-8FF4-03AD-D58B2E36BCB1</targetEntity>
<transferable>true</transferable>
<deleteRule>NO ACTION</deleteRule>
</Relation>