<?xml version = '1.0' encoding = 'UTF-8'?>
<Relation class="oracle.dbtools.crest.model.design.logical.Relation" name="PLANTA COMUNA FKv2" directorySegmentName="seg_0" id="5EEBA9D0-6585-40AC-5CB3-9584630140CD">
<createdBy>saulg</createdBy>
<createdTime>2025-10-12 15:57:27 UTC</createdTime>
<ownerDesignName>EFT_S9_Saul_gatica</ownerDesignName>
<engineerTo>
<item key="B6377D21-52CF-4617-C157-94839DAB144E" value="true"/>
</engineerTo>
<sourcePk>4486A685-E7E3-9FA9-C038-0A8897A00282</sourcePk>
<identifying>false</identifying>
<optionalSource>true</optionalSource>
<optionalTarget>false</optionalTarget>
<sourceCardinality>1</sourceCardinality>
<sourceEntity>0038C59A-209C-8FF4-03AD-D58B2E36BCB1</sourceEntity>
<targetCardinalityString>*</targetCardinalityString>
<targetEntity>5D5048E8-2E04-A7EF-7B41-F03E87A3BF26</targetEntity>
<transferable>true</transferable>
<deleteRule>NO ACTION</deleteRule>
</Relation>