<?xml version = '1.0' encoding = 'UTF-8'?>
<Relation class="oracle.dbtools.crest.model.design.logical.Relation" name="MAQUINA_PLANTA_FK" directorySegmentName="seg_0" id="636976DA-0963-8632-18EA-C1832C17F88E">
<createdBy>saulg</createdBy>
<createdTime>2025-10-12 18:40:22 UTC</createdTime>
<generatorID>8DA3DEDC-BDCE-A0CF-5487-EFBAD61BA195</generatorID>
<ownerDesignName>EFT_S9_Saul_gatica</ownerDesignName>
<engineerTo>
<item key="B6377D21-52CF-4617-C157-94839DAB144E" value="true"/>
</engineerTo>
<sourcePk>DD434A8A-C1F0-54D0-9545-1CC5C2F4A5AC</sourcePk>
<identifying>false</identifying>
<optionalSource>true</optionalSource>
<optionalTarget>false</optionalTarget>
<sourceCardinality>1</sourceCardinality>
<sourceEntity>5D5048E8-2E04-A7EF-7B41-F03E87A3BF26</sourceEntity>
<targetCardinalityString>*</targetCardinalityString>
<targetEntity>49C3145C-C5A1-AEC6-6FDF-4DBD637B471B</targetEntity>
<transferable>true</transferable>
<deleteRule>NO ACTION</deleteRule>
</Relation>