<?xml version = '1.0' encoding = 'UTF-8'?>
<Relation class="oracle.dbtools.crest.model.design.logical.Relation" name="EMPLEADO PLANTA FKv2" directorySegmentName="seg_0" id="6B3B51FF-2A1F-FFFF-21D6-93F5AA407988">
<createdBy>saulg</createdBy>
<createdTime>2025-10-12 15:57:59 UTC</createdTime>
<ownerDesignName>EFT_S9_Saul_gatica</ownerDesignName>
<engineerTo>
<item key="B6377D21-52CF-4617-C157-94839DAB144E" value="true"/>
</engineerTo>
<sourcePk>DD434A8A-C1F0-54D0-9545-1CC5C2F4A5AC</sourcePk>
<identifying>false</identifying>
<optionalSource>true</optionalSource>
<optionalTarget>false</optionalTarget>
<sourceCardinality>1</sourceCardinality>
<sourceEntity>5D5048E8-2E04-A7EF-7B41-F03E87A3BF26</sourceEntity>
<targetCardinalityString>*</targetCardinalityString>
<targetEntity>39BF0045-A706-D9CD-3722-9B17EDA82E53</targetEntity>
<transferable>true</transferable>
<deleteRule>NO ACTION</deleteRule>
</Relation>