<?xml version = '1.0' encoding = 'UTF-8'?>
<Relation class="oracle.dbtools.crest.model.design.logical.Relation" name="ASIGNACION TURNO EMPLEADO FK" directorySegmentName="seg_0" id="73E57546-E2DF-DB70-170A-E2F43D318DB5">
<createdBy>saulg</createdBy>
<createdTime>2025-10-12 16:01:56 UTC</createdTime>
<ownerDesignName>EFT_S9_Saul_gatica</ownerDesignName>
<engineerTo>
<item key="B6377D21-52CF-4617-C157-94839DAB144E" value="true"/>
</engineerTo>
<sourcePk>6E3A130C-79EB-61BF-370F-33205C652D3A</sourcePk>
<identifying>false</identifying>
<optionalSource>true</optionalSource>
<optionalTarget>false</optionalTarget>
<sourceCardinality>1</sourceCardinality>
<sourceEntity>39BF0045-A706-D9CD-3722-9B17EDA82E53</sourceEntity>
<targetCardinalityString>*</targetCardinalityString>
<targetEntity>A1E30E5F-24D8-3E45-E070-E5BA6DDEF342</targetEntity>
<transferable>true</transferable>
<deleteRule>NO ACTION</deleteRule>
</Relation>