<?xml version = '1.0' encoding = 'UTF-8'?>
<Relation class="oracle.dbtools.crest.model.design.logical.Relation" name="MAQUINA PLANTA FKv2" directorySegmentName="seg_0" id="83C53176-1198-C889-AB9D-FC3526FC32FF">
<createdBy>saulg</createdBy>
<createdTime>2025-10-12 16:00:41 UTC</createdTime>
<ownerDesignName>EFT_S9_Saul_gatica</ownerDesignName>
<engineerTo>
<item key="B6377D21-52CF-4617-C157-94839DAB144E" value="true"/>
</engineerTo>
<sourcePk>DD434A8A-C1F0-54D0-9545-1CC5C2F4A5AC</sourcePk>
<identifying>false</identifying>
<optionalSource>true</optionalSource>
<optionalTarget>false</optionalTarget>
<sourceCardinality>1</sourceCardinality>
<sourceEntity>5D5048E8-2E04-A7EF-7B41-F03E87A3BF26</sourceEntity>
<targetCardinalityString>*</targetCardinalityString>
<targetEntity>49C3145C-C5A1-AEC6-6FDF-4DBD637B471B</targetEntity>
<transferable>true</transferable>
<deleteRule>NO ACTION</deleteRule>
</Relation>