<?xml version = '1.0' encoding = 'UTF-8'?>
<Relation class="oracle.dbtools.crest.model.design.logical.Relation" name="MAQUINA_TIPO_MAQUINA_FK" directorySegmentName="seg_0" id="84A4BFD9-2BC4-F198-4D64-136C3F4218CC">
<createdBy>saulg</createdBy>
<createdTime>2025-10-12 18:40:22 UTC</createdTime>
<generatorID>C0A977D0-EAD1-10B7-7081-EECD2F7BAEEC</generatorID>
<ownerDesignName>EFT_S9_Saul_gatica</ownerDesignName>
<engineerTo>
<item key="B6377D21-52CF-4617-C157-94839DAB144E" value="true"/>
</engineerTo>
<sourcePk>D67EFD6E-103F-EEDD-9B22-466A4DADE6D3</sourcePk>
<identifying>false</identifying>
<optionalSource>true</optionalSource>
<optionalTarget>false</optionalTarget>
<sourceCardinality>1</sourceCardinality>
<sourceEntity>D5F4A13A-17DB-8D7E-E8E5-848085137491</sourceEntity>
<targetCardinalityString>*</targetCardinalityString>
<targetEntity>49C3145C-C5A1-AEC6-6FDF-4DBD637B471B</targetEntity>
<transferable>true</transferable>
<deleteRule>NO ACTION</deleteRule>
</Relation>