<?xml version = '1.0' encoding = 'UTF-8'?>
<Relation class="oracle.dbtools.crest.model.design.logical.Relation" name="JEFE_TURNO_EMPLEADO_FKv2" directorySegmentName="seg_0" id="9B3EC259-39F9-7875-E04B-B7185503D3DD">
<createdBy>saulg</createdBy>
<createdTime>2025-10-12 18:40:22 UTC</createdTime>
<generatorID>37E32CFF-5225-F76C-B47E-2685D0941769</generatorID>
<ownerDesignName>EFT_S9_Saul_gatica</ownerDesignName>
<engineerTo>
<item key="B6377D21-52CF-4617-C157-94839DAB144E" value="true"/>
</engineerTo>
<sourcePk>6E3A130C-79EB-61BF-370F-33205C652D3A</sourcePk>
<identifying>false</identifying>
<optionalSource>true</optionalSource>
<optionalTarget>false</optionalTarget>
<sourceCardinality>1</sourceCardinality>
<sourceEntity>39BF0045-A706-D9CD-3722-9B17EDA82E53</sourceEntity>
<targetCardinalityString>*</targetCardinalityString>
<targetEntity>F86B1496-544F-64D8-D341-E5B60D1B5214</targetEntity>
<transferable>true</transferable>
<deleteRule>NO ACTION</deleteRule>
</Relation>