<?xml version = '1.0' encoding = 'UTF-8'?>
<Relation class="oracle.dbtools.crest.model.design.logical.Relation" name="O_T_TECNICO_MAN_FK" directorySegmentName="seg_0" id="B6899A85-A3A3-50AD-2509-6D40FBF84686">
<createdBy>saulg</createdBy>
<createdTime>2025-10-12 18:40:22 UTC</createdTime>
<generatorID>A4CAD51A-2165-B68D-ABB1-4812E1FDF393</generatorID>
<ownerDesignName>EFT_S9_Saul_gatica</ownerDesignName>
<engineerTo>
<item key="B6377D21-52CF-4617-C157-94839DAB144E" value="true"/>
</engineerTo>
<sourcePk>7F2C972C-700F-2F6B-31D6-AB8D33160100</sourcePk>
<identifying>false</identifying>
<optionalSource>true</optionalSource>
<optionalTarget>false</optionalTarget>
<sourceCardinality>1</sourceCardinality>
<sourceEntity>596425EB-3356-F94F-C72C-340397C7CAFE</sourceEntity>
<targetCardinalityString>*</targetCardinalityString>
<targetEntity>8E0235F1-F849-0142-C9CE-7475CE83613E</targetEntity>
<transferable>true</transferable>
<deleteRule>NO ACTION</deleteRule>
</Relation>