<?xml version = '1.0' encoding = 'UTF-8'?>
<Relation class="oracle.dbtools.crest.model.design.logical.Relation" name="ASIGNACION TURNO MAQUINA FK" directorySegmentName="seg_0" id="BE7DD495-A0F0-197B-48A2-DA880BBE29CF">
<createdBy>saulg</createdBy>
<createdTime>2025-10-12 16:02:32 UTC</createdTime>
<ownerDesignName>EFT_S9_Saul_gatica</ownerDesignName>
<engineerTo>
<item key="B6377D21-52CF-4617-C157-94839DAB144E" value="true"/>
</engineerTo>
<sourcePk>44C8A8C7-67CD-0DB9-B80E-A8E1CBC947E3</sourcePk>
<identifying>false</identifying>
<optionalSource>true</optionalSource>
<optionalTarget>false</optionalTarget>
<sourceCardinality>1</sourceCardinality>
<sourceEntity>49C3145C-C5A1-AEC6-6FDF-4DBD637B471B</sourceEntity>
<targetCardinalityString>*</targetCardinalityString>
<targetEntity>A1E30E5F-24D8-3E45-E070-E5BA6DDEF342</targetEntity>
<transferable>true</transferable>
<deleteRule>NO ACTION</deleteRule>
</Relation>