<?xml version = '1.0' encoding = 'UTF-8'?>
<Relation class="oracle.dbtools.crest.model.design.logical.Relation" name="ASIGNACION TURNO TURNO FK" directorySegmentName="seg_0" id="CEE3DDAB-0BE6-D58C-6EDA-27D0D705F889">
<createdBy>saulg</createdBy>
<createdTime>2025-10-12 16:02:22 UTC</createdTime>
<ownerDesignName>EFT_S9_Saul_gatica</ownerDesignName>
<engineerTo>
<item key="B6377D21-52CF-4617-C157-94839DAB144E" value="true"/>
</engineerTo>
<sourcePk>87D2609A-2701-05CA-E86A-07E80E9C026C</sourcePk>
<identifying>false</identifying>
<optionalSource>true</optionalSource>
<optionalTarget>false</optionalTarget>
<sourceCardinality>1</sourceCardinality>
<sourceEntity>53973F39-62D5-39B9-3C48-0A9DB4478FBE</sourceEntity>
<targetCardinalityString>*</targetCardinalityString>
<targetEntity>A1E30E5F-24D8-3E45-E070-E5BA6DDEF342</targetEntity>
<transferable>true</transferable>
<deleteRule>NO ACTION</deleteRule>
</Relation>