<?xml version = '1.0' encoding = 'UTF-8'?>
<Relation class="oracle.dbtools.crest.model.design.logical.Relation" name="EMPLEADO SALUD FKv2" directorySegmentName="seg_0" id="D551A30A-BF67-0612-1DDC-C3C4C59CBFC9">
<createdBy>saulg</createdBy>
<createdTime>2025-10-12 16:05:53 UTC</createdTime>
<ownerDesignName>EFT_S9_Saul_gatica</ownerDesignName>
<engineerTo>
<item key="B6377D21-52CF-4617-C157-94839DAB144E" value="true"/>
</engineerTo>
<sourcePk>B81A0996-88DE-23B3-04EE-4BF3ED4B2277</sourcePk>
<identifying>false</identifying>
<optionalSource>true</optionalSource>
<optionalTarget>false</optionalTarget>
<sourceCardinality>1</sourceCardinality>
<sourceEntity>4A4DE374-C266-15BC-4FF4-FFC61672BC5B</sourceEntity>
<targetCardinalityString>*</targetCardinalityString>
<targetEntity>39BF0045-A706-D9CD-3722-9B17EDA82E53</targetEntity>
<transferable>true</transferable>
<deleteRule>NO ACTION</deleteRule>
</Relation>