<?xml version = '1.0' encoding = 'UTF-8'?>
<Diagram class="oracle.dbtools.crest.swingui.relational.DPVRelationalSubView" name="From_LM_Logical - SubView_2" id="307DFF8C-F8CD-31C3-E7A8-A78703ED2D48">
<createdBy>saulg</createdBy>
<modifiedBy>saulg</modifiedBy>
<createdTime>2025-10-12 14:51:11 UTC</createdTime>
<autoRoute>false</autoRoute>
<boxInbox>true</boxInbox>
<showLegend>false</showLegend>
<showLabels>false</showLabels>
<showRelAttributes>false</showRelAttributes>
<gridEnabled>false</gridEnabled>
<showGrid>false</showGrid>
<diagramColor>-1</diagramColor>
<display>false</display>
<generatorId>791B3EFE-A4A5-FE7B-08BF-F9C5E118E252</generatorId>
<notation>1</notation>
<objectViews>
<OView class="oracle.dbtools.crest.swingui.relational.TVTable" oid="A45CAC7A-A1DC-849D-D723-A4734F93B621" otype="Table" vid="E514AC20-57C0-4F41-73D9-6D14219B9010">
<hideElementsInCurrentOnly>false</hideElementsInCurrentOnly>
<bounds x="21" y="259" width="467" height="237"/>
<generatorID>0A944034-128A-1C8E-3B32-0976F237BE01</generatorID>
</OView>
</objectViews>
<connectors>
<Connector class="oracle.dbtools.crest.swingui.relational.TVFKRelation" oid="30599423-4659-B313-161B-04A6BAA3F7C5" otype="FKIndexAssociation" vid_source="E514AC20-57C0-4F41-73D9-6D14219B9010" vid_target="E514AC20-57C0-4F41-73D9-6D14219B9010">
<hideElementsInCurrentOnly>false</hideElementsInCurrentOnly>
<backgroundColor>-16777216</backgroundColor>
<lineWidth>1</lineWidth>
<points>
<point x="488" y="398"/>
<point x="538" y="398"/>
<point x="538" y="546"/>
<point x="295" y="546"/>
<point x="295" y="496"/>
</points>
</Connector>
<Connector class="oracle.dbtools.crest.swingui.relational.TVFKRelation" oid="F0DBC82A-4157-3CA1-92EC-647005CAF5C9" otype="FKIndexAssociation" vid_source="E514AC20-57C0-4F41-73D9-6D14219B9010" vid_target="E514AC20-57C0-4F41-73D9-6D14219B9010">
<hideElementsInCurrentOnly>false</hideElementsInCurrentOnly>
<backgroundColor>-16777216</backgroundColor>
<lineWidth>1</lineWidth>
<points>
<point x="488" y="300"/>
<point x="917" y="300"/>
<point x="917" y="423"/>
<point x="740" y="423"/>
<point x="488" y="423"/>
</points>
</Connector>
<Connector class="oracle.dbtools.crest.swingui.relational.TVFKRelation" oid="F7ECE88B-57A9-2841-680A-1E4105BF483C" otype="FKIndexAssociation" vid_source="E514AC20-57C0-4F41-73D9-6D14219B9010" vid_target="E514AC20-57C0-4F41-73D9-6D14219B9010">
<hideElementsInCurrentOnly>false</hideElementsInCurrentOnly>
<backgroundColor>-16777216</backgroundColor>
<lineWidth>1</lineWidth>
<points>
<point x="488" y="398"/>
<point x="563" y="398"/>
<point x="563" y="571"/>
<point x="295" y="571"/>
<point x="295" y="496"/>
</points>
</Connector>
</connectors>
</Diagram>