<?xml version = '1.0' encoding = 'UTF-8'?>
<Diagram class="oracle.dbtools.crest.swingui.relational.DPVRelationalSubView" name="From_LM_Logical - SubView_1" id="A685DEA4-B7D0-80A1-0543-5883EF46BB84">
<createdBy>saulg</createdBy>
<modifiedBy>saulg</modifiedBy>
<createdTime>2025-10-12 14:51:11 UTC</createdTime>
<autoRoute>false</autoRoute>
<boxInbox>true</boxInbox>
<showLegend>false</showLegend>
<showLabels>false</showLabels>
<showRelAttributes>false</showRelAttributes>
<gridEnabled>false</gridEnabled>
<showGrid>false</showGrid>
<diagramColor>-1</diagramColor>
<display>false</display>
<generatorId>909BAA12-35F7-DF43-5A0F-14474DB0D6B6</generatorId>
<notation>1</notation>
<objectViews>
<OView class="oracle.dbtools.crest.swingui.relational.TVTable" oid="7FDAE081-7713-0B35-7B0D-85C5FC0DE9C4" otype="Table" vid="B75D79C4-4F36-75A2-B8EF-B02E385C397F">
<hideElementsInCurrentOnly>false</hideElementsInCurrentOnly>
<bounds x="326" y="247" width="155" height="94"/>
<generatorID>E257A186-28E0-22F2-341E-184F9BE5827B</generatorID>
</OView>
</objectViews>
</Diagram>