<?xml version = '1.0' encoding = 'UTF-8'?>
<Diagram class="oracle.dbtools.crest.swingui.relational.DPVRelational" name="Relational_1" id="E1AE4344-B43D-3416-E60C-B838583A14DE">
<createdBy>saulg</createdBy>
<modifiedBy>saulg</modifiedBy>
<createdTime>2025-10-12 14:51:11 UTC</createdTime>
<autoRoute>false</autoRoute>
<boxInbox>true</boxInbox>
<showLegend>false</showLegend>
<showLabels>false</showLabels>
<showRelAttributes>false</showRelAttributes>
<gridEnabled>false</gridEnabled>
<showGrid>false</showGrid>
<diagramColor>-1</diagramColor>
<display>false</display>
<notation>1</notation>
<objectViews>
<OView class="oracle.dbtools.crest.swingui.relational.TVTable" oid="0D661EEB-349F-5E94-0470-E53693F8F591" otype="Table" vid="D89905B0-A877-BE5C-1EB1-A3F6FB306B73">
<hideElementsInCurrentOnly>false</hideElementsInCurrentOnly>
<bounds x="866" y="443" width="173" height="62"/>
</OView>
<OView class="oracle.dbtools.crest.swingui.relational.TVTable" oid="1D8F6082-3B45-A9A3-52B6-4E00DAD71A71" otype="Table" vid="528CBFFA-01C4-842D-EFF0-5F1AE4D38A12">
<hideElementsInCurrentOnly>false</hideElementsInCurrentOnly>
<bounds x="991" y="159" width="365" height="146"/>
</OView>
<OView class="oracle.dbtools.crest.swingui.relational.TVTable" oid="40DBF532-3942-6ADC-0759-FA8D83E2D761" otype="Table" vid="83A8B1CF-AEF3-6316-23B8-BE77D2D55D93">
<hideElementsInCurrentOnly>false</hideElementsInCurrentOnly>
<bounds x="266" y="29" width="274" height="79"/>
</OView>
<OView class="oracle.dbtools.crest.swingui.relational.TVTable" oid="4B8100C8-1050-907C-7057-20B271B6EDBA" otype="Table" vid="953A6F0A-BEE3-79A2-1706-4E60D088A819">
<hideElementsInCurrentOnly>false</hideElementsInCurrentOnly>
<bounds x="856" y="16" width="292" height="86"/>
</OView>
<OView class="oracle.dbtools.crest.swingui.relational.TVTable" oid="6D0EEBBB-89B1-50CA-97E9-B4FF03FD3F11" otype="Table" vid="A2B521C9-DA83-44D3-103C-656A679A4445">
<hideElementsInCurrentOnly>false</hideElementsInCurrentOnly>
<bounds x="1070" y="532" width="208" height="98"/>
</OView>
<OView class="oracle.dbtools.crest.swingui.relational.TVTable" oid="7FDAE081-7713-0B35-7B0D-85C5FC0DE9C4" otype="Table" vid="DD5BE695-9AB6-61AC-9E0F-C4DFA410858C">
<hideElementsInCurrentOnly>false</hideElementsInCurrentOnly>
<bounds x="289" y="442" width="287" height="68"/>
</OView>
<OView class="oracle.dbtools.crest.swingui.relational.TVTable" oid="85383383-1F24-AFFC-2134-B4B7E9E7675A" otype="Table" vid="20BA8D07-F15F-8E76-70CA-7E87421CAEBA">
<hideElementsInCurrentOnly>false</hideElementsInCurrentOnly>
<bounds x="0" y="271" width="198" height="99"/>
</OView>
<OView class="oracle.dbtools.crest.swingui.relational.TVTable" oid="86CED7E3-0A92-0D90-2FF8-D612134D8D66" otype="Table" vid="99601A7A-2FB6-25A9-CBB1-0810DA9BDE94">
<hideElementsInCurrentOnly>false</hideElementsInCurrentOnly>
<bounds x="0" y="170" width="235" height="79"/>
</OView>
<OView class="oracle.dbtools.crest.swingui.relational.TVTable" oid="8869511C-4C47-9059-C57E-FCCA877F5DD2" otype="Table" vid="7A71B5F0-54A8-09D8-63DE-223C4DD94435">
<hideElementsInCurrentOnly>false</hideElementsInCurrentOnly>
<bounds x="665" y="115" width="237" height="86"/>
</OView>
<OView class="oracle.dbtools.crest.swingui.relational.TVTable" oid="A45CAC7A-A1DC-849D-D723-A4734F93B621" otype="Table" vid="D8C15AF8-4496-3EF4-0A4C-2D5F7FEF78B5">
<hideElementsInCurrentOnly>false</hideElementsInCurrentOnly>
<bounds x="271" y="129" width="367" height="237"/>
</OView>
<OView class="oracle.dbtools.crest.swingui.relational.TVTable" oid="C5A857E4-8C63-E78A-ABE9-A9A1BAA541EC" otype="Table" vid="78F15931-F292-F19D-CC61-CCEA810A6683">
<hideElementsInCurrentOnly>false</hideElementsInCurrentOnly>
<bounds x="1070" y="350" width="244" height="149"/>
</OView>
<OView class="oracle.dbtools.crest.swingui.relational.TVTable" oid="D653DE16-9A96-C499-96C0-70C38DC8E007" otype="Table" vid="6EC6060C-19D2-6C98-E859-0B3297725FDA">
<hideElementsInCurrentOnly>false</hideElementsInCurrentOnly>
<bounds x="704" y="225" width="227" height="107"/>
</OView>
<OView class="oracle.dbtools.crest.swingui.relational.TVTable" oid="E4B76F9D-7126-D258-0C0F-5ECBF9329B80" otype="Table" vid="FAB336EF-52E2-2FFE-D7AA-E05A1AD93F0E">
<hideElementsInCurrentOnly>false</hideElementsInCurrentOnly>
<bounds x="34" y="24" width="211" height="77"/>
</OView>
<OView class="oracle.dbtools.crest.swingui.relational.TVTable" oid="FC7C9B2E-004C-E70D-604D-932FA99ACEFA" otype="Table" vid="E7505121-2788-1E08-8900-FE65C78FA386">
<hideElementsInCurrentOnly>false</hideElementsInCurrentOnly>
<bounds x="615" y="424" width="245" height="106"/>
</OView>
</objectViews>
<connectors>
<Connector class="oracle.dbtools.crest.swingui.relational.TVFKRelation" oid="07305007-4A71-13CA-4233-4D415B091B82" otype="FKIndexAssociation" vid_source="953A6F0A-BEE3-79A2-1706-4E60D088A819" vid_target="E7505121-2788-1E08-8900-FE65C78FA386">
<hideElementsInCurrentOnly>false</hideElementsInCurrentOnly>
<backgroundColor>-16777216</backgroundColor>
<lineWidth>1</lineWidth>
<points>
<point x="858" y="102"/>
<point x="858" y="424"/>
</points>
</Connector>
<Connector class="oracle.dbtools.crest.swingui.relational.TVFKRelation" oid="0EE7A4FF-8B3F-89C9-69BB-AEEB52337C75" otype="FKIndexAssociation" vid_source="20BA8D07-F15F-8E76-70CA-7E87421CAEBA" vid_target="D8C15AF8-4496-3EF4-0A4C-2D5F7FEF78B5">
<hideElementsInCurrentOnly>false</hideElementsInCurrentOnly>
<backgroundColor>-16777216</backgroundColor>
<lineWidth>1</lineWidth>
<points>
<point x="198" y="333"/>
<point x="271" y="333"/>
</points>
</Connector>
<Connector class="oracle.dbtools.crest.swingui.relational.TVFKRelation" oid="182F8B85-47FB-6B68-41CC-8D8D743DEEFC" otype="FKIndexAssociation" vid_source="83A8B1CF-AEF3-6316-23B8-BE77D2D55D93" vid_target="953A6F0A-BEE3-79A2-1706-4E60D088A819">
<hideElementsInCurrentOnly>false</hideElementsInCurrentOnly>
<backgroundColor>-16777216</backgroundColor>
<lineWidth>1</lineWidth>
<points>
<point x="540" y="65"/>
<point x="856" y="65"/>
</points>
</Connector>
<Connector class="oracle.dbtools.crest.swingui.relational.TVFKRelation" oid="1B57811F-692F-8220-EB09-4D9202B4AC38" otype="FKIndexAssociation" vid_source="953A6F0A-BEE3-79A2-1706-4E60D088A819" vid_target="D8C15AF8-4496-3EF4-0A4C-2D5F7FEF78B5">
<hideElementsInCurrentOnly>false</hideElementsInCurrentOnly>
<backgroundColor>-16777216</backgroundColor>
<lineWidth>1</lineWidth>
<points>
<point x="877" y="102"/>
<point x="638" y="199"/>
</points>
</Connector>
<Connector class="oracle.dbtools.crest.swingui.relational.TVFKRelation" oid="2488E57D-DFCF-8509-1A29-4C2551FF585C" otype="FKIndexAssociation" vid_source="D8C15AF8-4496-3EF4-0A4C-2D5F7FEF78B5" vid_target="7A71B5F0-54A8-09D8-63DE-223C4DD94435">
<hideElementsInCurrentOnly>false</hideElementsInCurrentOnly>
<backgroundColor>-16777216</backgroundColor>
<lineWidth>1</lineWidth>
<points>
<point x="638" y="165"/>
<point x="665" y="165"/>
</points>
</Connector>
<Connector class="oracle.dbtools.crest.swingui.relational.TVFKRelation" oid="280EFBB6-AA7B-4017-A728-4BFFAB55E70E" otype="FKIndexAssociation" vid_source="D8C15AF8-4496-3EF4-0A4C-2D5F7FEF78B5" vid_target="78F15931-F292-F19D-CC61-CCEA810A6683">
<hideElementsInCurrentOnly>false</hideElementsInCurrentOnly>
<backgroundColor>-16777216</backgroundColor>
<lineWidth>1</lineWidth>
<points>
<point x="638" y="358"/>
<point x="1070" y="358"/>
</points>
</Connector>
<Connector class="oracle.dbtools.crest.swingui.relational.TVFKRelation" oid="30599423-4659-B313-161B-04A6BAA3F7C5" otype="FKIndexAssociation" vid_source="D8C15AF8-4496-3EF4-0A4C-2D5F7FEF78B5" vid_target="D8C15AF8-4496-3EF4-0A4C-2D5F7FEF78B5">
<hideElementsInCurrentOnly>false</hideElementsInCurrentOnly>
<backgroundColor>-16777216</backgroundColor>
<lineWidth>1</lineWidth>
<points>
<point x="638" y="268"/>
<point x="688" y="268"/>
<point x="688" y="416"/>
<point x="486" y="416"/>
<point x="486" y="366"/>
</points>
</Connector>
<Connector class="oracle.dbtools.crest.swingui.relational.TVFKRelation" oid="31D7A918-5D6B-C4AA-58D8-5D54BCB8DAD3" otype="FKIndexAssociation" vid_source="E7505121-2788-1E08-8900-FE65C78FA386" vid_target="528CBFFA-01C4-842D-EFF0-5F1AE4D38A12">
<hideElementsInCurrentOnly>false</hideElementsInCurrentOnly>
<backgroundColor>-16777216</backgroundColor>
<lineWidth>1</lineWidth>
<points>
<point x="831" y="424"/>
<point x="1058" y="305"/>
</points>
</Connector>
<Connector class="oracle.dbtools.crest.swingui.relational.TVFKRelation" oid="37E32CFF-5225-F76C-B47E-2685D0941769" otype="FKIndexAssociation" vid_source="D8C15AF8-4496-3EF4-0A4C-2D5F7FEF78B5" vid_target="DD5BE695-9AB6-61AC-9E0F-C4DFA410858C">
<hideElementsInCurrentOnly>false</hideElementsInCurrentOnly>
<backgroundColor>-16777216</backgroundColor>
<lineWidth>1</lineWidth>
<points>
<point x="447" y="366"/>
<point x="447" y="442"/>
</points>
</Connector>
<Connector class="oracle.dbtools.crest.swingui.relational.TVFKRelation" oid="3FECD01A-9BC9-11D2-9655-9A024FD209E6" otype="FKIndexAssociation" vid_source="A2B521C9-DA83-44D3-103C-656A679A4445" vid_target="78F15931-F292-F19D-CC61-CCEA810A6683">
<hideElementsInCurrentOnly>false</hideElementsInCurrentOnly>
<backgroundColor>-16777216</backgroundColor>
<lineWidth>1</lineWidth>
<points>
<point x="1174" y="532"/>
<point x="1174" y="499"/>
</points>
</Connector>
<Connector class="oracle.dbtools.crest.swingui.relational.TVFKRelation" oid="4C794ECA-17B7-4555-EFF8-8CD04EB98549" otype="FKIndexAssociation" vid_source="E7505121-2788-1E08-8900-FE65C78FA386" vid_target="78F15931-F292-F19D-CC61-CCEA810A6683">
<hideElementsInCurrentOnly>false</hideElementsInCurrentOnly>
<backgroundColor>-16777216</backgroundColor>
<lineWidth>1</lineWidth>
<points>
<point x="860" y="491"/>
<point x="1070" y="491"/>
</points>
</Connector>
<Connector class="oracle.dbtools.crest.swingui.relational.TVFKRelation" oid="528EF8DC-6804-6FB1-070E-46743B5A9CBD" otype="FKIndexAssociation" vid_source="FAB336EF-52E2-2FFE-D7AA-E05A1AD93F0E" vid_target="83A8B1CF-AEF3-6316-23B8-BE77D2D55D93">
<hideElementsInCurrentOnly>false</hideElementsInCurrentOnly>
<backgroundColor>-16777216</backgroundColor>
<lineWidth>1</lineWidth>
<points>
<point x="245" y="95"/>
<point x="266" y="95"/>
</points>
</Connector>
<Connector class="oracle.dbtools.crest.swingui.relational.TVFKRelation" oid="6840061A-087E-0DA3-0A4A-22FE67874219" otype="FKIndexAssociation" vid_source="D8C15AF8-4496-3EF4-0A4C-2D5F7FEF78B5" vid_target="DD5BE695-9AB6-61AC-9E0F-C4DFA410858C">
<hideElementsInCurrentOnly>false</hideElementsInCurrentOnly>
<backgroundColor>-16777216</backgroundColor>
<lineWidth>1</lineWidth>
<points>
<point x="432" y="366"/>
<point x="432" y="442"/>
</points>
</Connector>
<Connector class="oracle.dbtools.crest.swingui.relational.TVFKRelation" oid="6C4EE356-0516-A02E-0BE8-4EDA435A3E98" otype="FKIndexAssociation" vid_source="A2B521C9-DA83-44D3-103C-656A679A4445" vid_target="78F15931-F292-F19D-CC61-CCEA810A6683">
<hideElementsInCurrentOnly>false</hideElementsInCurrentOnly>
<backgroundColor>-16777216</backgroundColor>
<lineWidth>1</lineWidth>
<points>
<point x="1189" y="532"/>
<point x="1189" y="499"/>
</points>
</Connector>
<Connector class="oracle.dbtools.crest.swingui.relational.TVFKRelation" oid="6F30BFE8-350F-18EB-9604-8AFA1337E296" otype="FKIndexAssociation" vid_source="20BA8D07-F15F-8E76-70CA-7E87421CAEBA" vid_target="D8C15AF8-4496-3EF4-0A4C-2D5F7FEF78B5">
<hideElementsInCurrentOnly>false</hideElementsInCurrentOnly>
<backgroundColor>-16777216</backgroundColor>
<lineWidth>1</lineWidth>
<points>
<point x="198" y="318"/>
<point x="271" y="318"/>
</points>
</Connector>
<Connector class="oracle.dbtools.crest.swingui.relational.TVFKRelation" oid="768FB32D-58DC-378A-E85E-1CF07010F001" otype="FKIndexAssociation" vid_source="99601A7A-2FB6-25A9-CBB1-0810DA9BDE94" vid_target="D8C15AF8-4496-3EF4-0A4C-2D5F7FEF78B5">
<hideElementsInCurrentOnly>false</hideElementsInCurrentOnly>
<backgroundColor>-16777216</backgroundColor>
<lineWidth>1</lineWidth>
<points>
<point x="235" y="224"/>
<point x="271" y="224"/>
</points>
</Connector>
<Connector class="oracle.dbtools.crest.swingui.relational.TVFKRelation" oid="773EBCCE-F19D-2CD9-D5CF-2E432DD8D0AE" otype="FKIndexAssociation" vid_source="6EC6060C-19D2-6C98-E859-0B3297725FDA" vid_target="528CBFFA-01C4-842D-EFF0-5F1AE4D38A12">
<hideElementsInCurrentOnly>false</hideElementsInCurrentOnly>
<backgroundColor>-16777216</backgroundColor>
<lineWidth>1</lineWidth>
<points>
<point x="931" y="235"/>
<point x="991" y="235"/>
</points>
</Connector>
<Connector class="oracle.dbtools.crest.swingui.relational.TVFKRelation" oid="8DA3DEDC-BDCE-A0CF-5487-EFBAD61BA195" otype="FKIndexAssociation" vid_source="953A6F0A-BEE3-79A2-1706-4E60D088A819" vid_target="E7505121-2788-1E08-8900-FE65C78FA386">
<hideElementsInCurrentOnly>false</hideElementsInCurrentOnly>
<backgroundColor>-16777216</backgroundColor>
<lineWidth>1</lineWidth>
<points>
<point x="858" y="102"/>
<point x="858" y="424"/>
</points>
</Connector>
<Connector class="oracle.dbtools.crest.swingui.relational.TVFKRelation" oid="95CA0038-31CC-808D-246D-62C246E71B5D" otype="FKIndexAssociation" vid_source="83A8B1CF-AEF3-6316-23B8-BE77D2D55D93" vid_target="953A6F0A-BEE3-79A2-1706-4E60D088A819">
<hideElementsInCurrentOnly>false</hideElementsInCurrentOnly>
<backgroundColor>-16777216</backgroundColor>
<lineWidth>1</lineWidth>
<points>
<point x="540" y="80"/>
<point x="856" y="80"/>
</points>
</Connector>
<Connector class="oracle.dbtools.crest.swingui.relational.TVFKRelation" oid="A080948A-13B8-200C-F1AE-7A1BE313325D" otype="FKIndexAssociation" vid_source="D8C15AF8-4496-3EF4-0A4C-2D5F7FEF78B5" vid_target="78F15931-F292-F19D-CC61-CCEA810A6683">
<hideElementsInCurrentOnly>false</hideElementsInCurrentOnly>
<backgroundColor>-16777216</backgroundColor>
<lineWidth>1</lineWidth>
<points>
<point x="638" y="358"/>
<point x="1070" y="358"/>
</points>
</Connector>
<Connector class="oracle.dbtools.crest.swingui.relational.TVFKRelation" oid="A0D7FE36-35EE-D5A8-EFC8-0F9F4715F4D4" otype="FKIndexAssociation" vid_source="D89905B0-A877-BE5C-1EB1-A3F6FB306B73" vid_target="E7505121-2788-1E08-8900-FE65C78FA386">
<hideElementsInCurrentOnly>false</hideElementsInCurrentOnly>
<backgroundColor>-16777216</backgroundColor>
<lineWidth>1</lineWidth>
<points>
<point x="866" y="444"/>
<point x="860" y="444"/>
</points>
</Connector>
<Connector class="oracle.dbtools.crest.swingui.relational.TVFKRelation" oid="A4CAD51A-2165-B68D-ABB1-4812E1FDF393" otype="FKIndexAssociation" vid_source="6EC6060C-19D2-6C98-E859-0B3297725FDA" vid_target="528CBFFA-01C4-842D-EFF0-5F1AE4D38A12">
<hideElementsInCurrentOnly>false</hideElementsInCurrentOnly>
<backgroundColor>-16777216</backgroundColor>
<lineWidth>1</lineWidth>
<points>
<point x="931" y="235"/>
<point x="991" y="235"/>
</points>
</Connector>
<Connector class="oracle.dbtools.crest.swingui.relational.TVFKRelation" oid="A6818347-BC87-B2FC-0944-7E8AA5300133" otype="FKIndexAssociation" vid_source="953A6F0A-BEE3-79A2-1706-4E60D088A819" vid_target="D8C15AF8-4496-3EF4-0A4C-2D5F7FEF78B5">
<hideElementsInCurrentOnly>false</hideElementsInCurrentOnly>
<backgroundColor>-16777216</backgroundColor>
<lineWidth>1</lineWidth>
<points>
<point x="877" y="102"/>
<point x="638" y="184"/>
</points>
</Connector>
<Connector class="oracle.dbtools.crest.swingui.relational.TVFKRelation" oid="C0A977D0-EAD1-10B7-7081-EECD2F7BAEEC" otype="FKIndexAssociation" vid_source="D89905B0-A877-BE5C-1EB1-A3F6FB306B73" vid_target="E7505121-2788-1E08-8900-FE65C78FA386">
<hideElementsInCurrentOnly>false</hideElementsInCurrentOnly>
<backgroundColor>-16777216</backgroundColor>
<lineWidth>1</lineWidth>
<points>
<point x="866" y="474"/>
<point x="860" y="474"/>
</points>
</Connector>
<Connector class="oracle.dbtools.crest.swingui.relational.TVFKRelation" oid="C73B01BC-6E6A-167D-24DC-E26C9C0D698F" otype="FKIndexAssociation" vid_source="D8C15AF8-4496-3EF4-0A4C-2D5F7FEF78B5" vid_target="6EC6060C-19D2-6C98-E859-0B3297725FDA">
<hideElementsInCurrentOnly>false</hideElementsInCurrentOnly>
<backgroundColor>-16777216</backgroundColor>
<lineWidth>1</lineWidth>
<points>
<point x="638" y="278"/>
<point x="704" y="278"/>
</points>
</Connector>
<Connector class="oracle.dbtools.crest.swingui.relational.TVFKRelation" oid="C8A426F4-4E3C-7B7D-A5DC-A49AFFBA5B77" otype="FKIndexAssociation" vid_source="E7505121-2788-1E08-8900-FE65C78FA386" vid_target="78F15931-F292-F19D-CC61-CCEA810A6683">
<hideElementsInCurrentOnly>false</hideElementsInCurrentOnly>
<backgroundColor>-16777216</backgroundColor>
<lineWidth>1</lineWidth>
<points>
<point x="860" y="461"/>
<point x="1070" y="461"/>
</points>
</Connector>
<Connector class="oracle.dbtools.crest.swingui.relational.TVFKRelation" oid="D4362BE4-48E1-E641-6A5C-9921316D119F" otype="FKIndexAssociation" vid_source="99601A7A-2FB6-25A9-CBB1-0810DA9BDE94" vid_target="D8C15AF8-4496-3EF4-0A4C-2D5F7FEF78B5">
<hideElementsInCurrentOnly>false</hideElementsInCurrentOnly>
<backgroundColor>-16777216</backgroundColor>
<lineWidth>1</lineWidth>
<points>
<point x="235" y="209"/>
<point x="271" y="209"/>
</points>
</Connector>
<Connector class="oracle.dbtools.crest.swingui.relational.TVFKRelation" oid="F0DBC82A-4157-3CA1-92EC-647005CAF5C9" otype="FKIndexAssociation" vid_source="D8C15AF8-4496-3EF4-0A4C-2D5F7FEF78B5" vid_target="D8C15AF8-4496-3EF4-0A4C-2D5F7FEF78B5">
<hideElementsInCurrentOnly>false</hideElementsInCurrentOnly>
<backgroundColor>-16777216</backgroundColor>
<lineWidth>1</lineWidth>
<points>
<point x="554" y="337"/>
<point x="554" y="296"/>
<point x="554" y="419"/>
<point x="377" y="419"/>
<point x="377" y="366"/>
</points>
</Connector>
<Connector class="oracle.dbtools.crest.swingui.relational.TVFKRelation" oid="F64923C5-E79D-F7E6-CAA4-D2558DAA844E" otype="FKIndexAssociation" vid_source="E7505121-2788-1E08-8900-FE65C78FA386" vid_target="528CBFFA-01C4-842D-EFF0-5F1AE4D38A12">
<hideElementsInCurrentOnly>false</hideElementsInCurrentOnly>
<backgroundColor>-16777216</backgroundColor>
<lineWidth>1</lineWidth>
<points>
<point x="831" y="424"/>
<point x="1043" y="305"/>
</points>
</Connector>
<Connector class="oracle.dbtools.crest.swingui.relational.TVFKRelation" oid="F7ECE88B-57A9-2841-680A-1E4105BF483C" otype="FKIndexAssociation" vid_source="D8C15AF8-4496-3EF4-0A4C-2D5F7FEF78B5" vid_target="D8C15AF8-4496-3EF4-0A4C-2D5F7FEF78B5">
<hideElementsInCurrentOnly>false</hideElementsInCurrentOnly>
<backgroundColor>-16777216</backgroundColor>
<lineWidth>1</lineWidth>
<points>
<point x="638" y="268"/>
<point x="713" y="268"/>
<point x="713" y="441"/>
<point x="486" y="441"/>
<point x="486" y="366"/>
</points>
</Connector>
</connectors>
<arcs>
<Arc class="oracle.dbtools.crest.swingui.relational.TVFKArc" oid="F07BA5A0-00B5-62A7-EEEF-28E700F3458C" otype="FKArc" vid="8C61BD6A-44C2-5FE4-D43F-7FD879D62FAD">
<hideElementsInCurrentOnly>false</hideElementsInCurrentOnly>
<bounds x="251" y="109" width="407" height="277"/>
</Arc>
</arcs>
</Diagram>