<?xml version = '1.0' encoding = 'UTF-8'?>
<FKArc class="oracle.dbtools.crest.model.design.relational.FKArc" directorySegmentName="seg_0" id="F07BA5A0-00B5-62A7-EEEF-28E700F3458C" name="FKArc_1">
<createdBy>saulg</createdBy>
<createdTime>2025-10-12 14:51:11 UTC</createdTime>
<ownerDesignName>EFT_S9_Saul_gatica</ownerDesignName>
<mandatory>false</mandatory>
<reverseArc>true</reverseArc>
<table>A45CAC7A-A1DC-849D-D723-A4734F93B621</table>
<fkeys>
<fkeyID>2488E57D-DFCF-8509-1A29-4C2551FF585C</fkeyID>
<fkeyID>C73B01BC-6E6A-167D-24DC-E26C9C0D698F</fkeyID>
<fkeyID>6840061A-087E-0DA3-0A4A-22FE67874219</fkeyID>
</fkeys>
</FKArc>