<?xml version = '1.0' encoding = 'UTF-8'?>
<Relation class="oracle.dbtools.crest.model.design.logical.InheritanceRelation" name="Hierarchy_5" directorySegmentName="seg_0" id="6E5BD3EC-FFF0-A92F-9AFA-CE0B2F1D93B9">
<createdBy>saulg</createdBy>
<createdTime>2025-10-12 14:23:45 UTC</createdTime>
<ownerDesignName>EFT_S9_Saul_gatica</ownerDesignName>
<engineerTo>
<item key="B6377D21-52CF-4617-C157-94839DAB144E" value="true"/>
</engineerTo>
<identifying>false</identifying>
<nameOnSource>Super Type</nameOnSource>
<nameOnTarget>Sub Type</nameOnTarget>
<optionalSource>true</optionalSource>
<optionalTarget>true</optionalTarget>
<sourceEntity>39BF0045-A706-D9CD-3722-9B17EDA82E53</sourceEntity>
<targetEntity>B8948BBA-5948-8AC7-EF7D-0EF0BD335B3D</targetEntity>
<transferable>true</transferable>
<deleteRule>NO ACTION</deleteRule>
</Relation>