<?xml version = '1.0' encoding = 'UTF-8'?>
<Table class="oracle.dbtools.crest.model.design.relational.Table" directorySegmentName="seg_0" id="1D8F6082-3B45-A9A3-52B6-4E00DAD71A71" name="ORDEN_MANTENCION">
<createdBy>saulg</createdBy>
<createdTime>2025-10-12 14:51:11 UTC</createdTime>
<generatorID>8E0235F1-F849-0142-C9CE-7475CE83613E</generatorID>
<ownerDesignName>EFT_S9_Saul_gatica</ownerDesignName>
<allowColumnReorder>false</allowColumnReorder>
<existDependencyGenerateInDDl>true</existDependencyGenerateInDDl>
<parsed>true</parsed>
<columns itemClass="oracle.dbtools.crest.model.design.relational.Column">
<Column name="id_orden" id="FDCEFB0F-7F51-0C8C-E4B0-F623EB12C416">
<createdBy>saulg</createdBy>
<createdTime>2025-10-12 14:51:11 UTC</createdTime>
<generatorID>83847BFB-5E8A-820A-1260-ECCBCF5B8205</generatorID>
<ownerDesignName>EFT_S9_Saul_gatica</ownerDesignName>
<useDomainConstraints>false</useDomainConstraints>
<use>1</use>
<logicalDatatype>LOGDT011</logicalDatatype>
<ownDataTypeParameters>,,</ownDataTypeParameters>
<autoIncrementCycle>false</autoIncrementCycle>
</Column>
<Column name="num_maquina" id="EE3BB40A-D26D-EA3D-D41B-F5976B3D9569">
<createdBy>saulg</createdBy>
<createdTime>2025-10-12 14:51:11 UTC</createdTime>
<generatorID>6AFF4B8A-847D-DF2E-6C70-4DC8355D779B</generatorID>
<ownerDesignName>EFT_S9_Saul_gatica</ownerDesignName>
<useDomainConstraints>false</useDomainConstraints>
<use>1</use>
<logicalDatatype>LOGDT011</logicalDatatype>
<ownDataTypeParameters>,,</ownDataTypeParameters>
<autoIncrementCycle>false</autoIncrementCycle>
</Column>
<Column name="id_planta" id="600CBC56-D88B-ED19-873D-9BA3AD111292">
<createdBy>saulg</createdBy>
<createdTime>2025-10-12 14:51:11 UTC</createdTime>
<generatorID>F881FACB-E576-4A5D-3764-1042F4D9292D</generatorID>
<ownerDesignName>EFT_S9_Saul_gatica</ownerDesignName>
<useDomainConstraints>false</useDomainConstraints>
<use>1</use>
<logicalDatatype>LOGDT011</logicalDatatype>
<ownDataTypeParameters>,,</ownDataTypeParameters>
<autoIncrementCycle>false</autoIncrementCycle>
</Column>
<Column name="id_tecnico" id="AB30525D-CD2A-9E81-5E1F-21F14E21679F">
<createdBy>saulg</createdBy>
<createdTime>2025-10-12 14:51:11 UTC</createdTime>
<generatorID>5E615010-6F0C-A04A-4FD8-03C49B655715</generatorID>
<ownerDesignName>EFT_S9_Saul_gatica</ownerDesignName>
<useDomainConstraints>false</useDomainConstraints>
<use>1</use>
<logicalDatatype>LOGDT011</logicalDatatype>
<ownDataTypeParameters>,,</ownDataTypeParameters>
<autoIncrementCycle>false</autoIncrementCycle>
</Column>
<Column name="fecha_progr" id="29A6737E-6FD9-B4D9-819A-98D647AB1DBD">
<createdBy>saulg</createdBy>
<createdTime>2025-10-12 14:51:11 UTC</createdTime>
<generatorID>A31CEDBA-FAEA-FA97-EF18-D51C9BB8D7A2</generatorID>
<ownerDesignName>EFT_S9_Saul_gatica</ownerDesignName>
<useDomainConstraints>false</useDomainConstraints>
<use>1</use>
<logicalDatatype>LOGDT007</logicalDatatype>
<ownDataTypeParameters>,,</ownDataTypeParameters>
<autoIncrementCycle>false</autoIncrementCycle>
</Column>
<Column name="fecha_ejec" id="D8FECA42-DB11-863F-9063-DAE8BE01AF44">
<createdBy>saulg</createdBy>
<createdTime>2025-10-12 14:51:11 UTC</createdTime>
<generatorID>3A3B8029-819A-C3A7-B2B9-32731C9E4634</generatorID>
<ownerDesignName>EFT_S9_Saul_gatica</ownerDesignName>
<useDomainConstraints>false</useDomainConstraints>
<use>1</use>
<logicalDatatype>LOGDT007</logicalDatatype>
<ownDataTypeParameters>,,</ownDataTypeParameters>
<autoIncrementCycle>false</autoIncrementCycle>
</Column>
<Column name="descripcion" id="1EF789D7-8993-B379-7522-15B94C900676">
<createdBy>saulg</createdBy>
<createdTime>2025-10-12 14:51:11 UTC</createdTime>
<generatorID>83C985E1-3C73-3F8A-8BBB-8057FA7ADA17</generatorID>
<ownerDesignName>EFT_S9_Saul_gatica</ownerDesignName>
<useDomainConstraints>false</useDomainConstraints>
<use>1</use>
<logicalDatatype>LOGDT024</logicalDatatype>
<dataTypeSize>2000</dataTypeSize>
<ownDataTypeParameters>2000,,</ownDataTypeParameters>
<autoIncrementCycle>false</autoIncrementCycle>
</Column>
<Column name="MAQUINA_num_maquina" id="5987C07A-5F62-FC87-B2E4-527591026AE5">
<createdBy>saulg</createdBy>
<createdTime>2025-10-12 14:51:11 UTC</createdTime>
<generatorID>9D928A0C-1486-D5DD-042A-111903F36EE2</generatorID>
<ownerDesignName>EFT_S9_Saul_gatica</ownerDesignName>
<useDomainConstraints>false</useDomainConstraints>
<use>1</use>
<logicalDatatype>LOGDT011</logicalDatatype>
<ownDataTypeParameters>,,</ownDataTypeParameters>
<previousColumn>false</previousColumn>
<autoIncrementCycle>false</autoIncrementCycle>
<associations>
<colAssociation fkAssociation="F64923C5-E79D-F7E6-CAA4-D2558DAA844E" referredColumn="2CE7FEF9-3179-2E8E-8F3A-9162DA417DC4"/>
</associations>
</Column>
<Column name="MAQUINA_codigo_planta" id="070391CD-B3B0-E45E-68A5-BB67DA1742AD">
<createdBy>saulg</createdBy>
<createdTime>2025-10-12 14:51:11 UTC</createdTime>
<generatorID>5B3CC328-C8DE-B0AA-FF38-DF4FAD4353F5</generatorID>
<ownerDesignName>EFT_S9_Saul_gatica</ownerDesignName>
<useDomainConstraints>false</useDomainConstraints>
<use>1</use>
<logicalDatatype>LOGDT011</logicalDatatype>
<ownDataTypeParameters>,,</ownDataTypeParameters>
<previousColumn>false</previousColumn>
<autoIncrementCycle>false</autoIncrementCycle>
<associations>
<colAssociation fkAssociation="F64923C5-E79D-F7E6-CAA4-D2558DAA844E" referredColumn="E5AB472B-F987-C287-7F37-78B8A6D67847"/>
</associations>
</Column>
<Column name="TECNICO_MANTENCION_codigo_empleado1" id="9204042A-362D-E70C-EDBB-2F3BCCFFDC9D">
<createdBy>saulg</createdBy>
<createdTime>2025-10-12 14:51:11 UTC</createdTime>
<generatorID>6409000E-DA7F-2B05-80FB-D94F04BC7CC8</generatorID>
<ownerDesignName>EFT_S9_Saul_gatica</ownerDesignName>
<useDomainConstraints>false</useDomainConstraints>
<use>1</use>
<logicalDatatype>LOGDT011</logicalDatatype>
<ownDataTypeParameters>,,</ownDataTypeParameters>
<previousColumn>false</previousColumn>
<autoIncrementCycle>false</autoIncrementCycle>
<associations>
<colAssociation fkAssociation="A4CAD51A-2165-B68D-ABB1-4812E1FDF393" referredColumn="1A2408A1-98CE-B75B-C7B6-E5A4AADE0AAC"/>
</associations>
</Column>
<Column name="MAQUINA_n_maq" id="9F92D48C-6D21-6995-C411-BFEB7AB43DF2">
<createdBy>saulg</createdBy>
<createdTime>2025-10-12 16:06:16 UTC</createdTime>
<generatorID>C43E9704-50C4-C071-B68B-255E9DFD862F</generatorID>
<ownerDesignName>EFT_S9_Saul_gatica</ownerDesignName>
<useDomainConstraints>false</useDomainConstraints>
<use>1</use>
<logicalDatatype>LOGDT011</logicalDatatype>
<ownDataTypeParameters>,,</ownDataTypeParameters>
<previousColumn>false</previousColumn>
<autoIncrementCycle>false</autoIncrementCycle>
<associations>
<colAssociation fkAssociation="31D7A918-5D6B-C4AA-58D8-5D54BCB8DAD3" referredColumn="2CE7FEF9-3179-2E8E-8F3A-9162DA417DC4"/>
</associations>
</Column>
<Column name="MAQUINA_id_planta" id="FE4C71AE-939D-064B-45DD-704D90F7A45A">
<createdBy>saulg</createdBy>
<createdTime>2025-10-12 16:06:16 UTC</createdTime>
<generatorID>F0E3ECD0-3D6A-D9BF-8F67-2B4A6CCF4ADF</generatorID>
<ownerDesignName>EFT_S9_Saul_gatica</ownerDesignName>
<useDomainConstraints>false</useDomainConstraints>
<use>1</use>
<logicalDatatype>LOGDT011</logicalDatatype>
<ownDataTypeParameters>,,</ownDataTypeParameters>
<previousColumn>false</previousColumn>
<autoIncrementCycle>false</autoIncrementCycle>
<associations>
<colAssociation fkAssociation="31D7A918-5D6B-C4AA-58D8-5D54BCB8DAD3" referredColumn="E5AB472B-F987-C287-7F37-78B8A6D67847"/>
</associations>
</Column>
<Column name="TECNICO_MANTENCION_id_empleado" id="7C139A09-B637-58EE-5AEB-F3DC206B07CF">
<createdBy>saulg</createdBy>
<createdTime>2025-10-12 16:06:16 UTC</createdTime>
<generatorID>6A3D7A98-AA03-E90F-2337-17F017C35284</generatorID>
<ownerDesignName>EFT_S9_Saul_gatica</ownerDesignName>
<useDomainConstraints>false</useDomainConstraints>
<use>1</use>
<logicalDatatype>LOGDT011</logicalDatatype>
<ownDataTypeParameters>,,</ownDataTypeParameters>
<previousColumn>false</previousColumn>
<autoIncrementCycle>false</autoIncrementCycle>
<associations>
<colAssociation fkAssociation="773EBCCE-F19D-2CD9-D5CF-2E432DD8D0AE" referredColumn="1A2408A1-98CE-B75B-C7B6-E5A4AADE0AAC"/>
</associations>
</Column>
</columns>
<indexes itemClass="oracle.dbtools.crest.model.design.relational.Index">
<ind_PK_UK id="474930CE-B161-7F27-B860-3716683EDA05" name="ORDEN_MANTENCION_PK">
<createdBy>saulg</createdBy>
<createdTime>2025-10-12 14:51:11 UTC</createdTime>
<generatorID>4B00AED8-CFCF-FDA7-618E-435B2FBECEEC</generatorID>
<ownerDesignName>EFT_S9_Saul_gatica</ownerDesignName>
<pk>true</pk>
<indexState>Primary Constraint</indexState>
<isSurrogateKey>false</isSurrogateKey>
<indexColumnUsage>
<colUsage columnID="FDCEFB0F-7F51-0C8C-E4B0-F623EB12C416"/>
</indexColumnUsage>
</ind_PK_UK>
<ind_PK_UK id="C2B90E7B-9382-8259-0E81-3D5804CA36B3" name="O_T_MAQUINA_FK">
<createdBy>saulg</createdBy>
<createdTime>2025-10-12 14:51:11 UTC</createdTime>
<generatorID>11794EA9-E85F-283C-A151-C4519B3A545F</generatorID>
<ownerDesignName>EFT_S9_Saul_gatica</ownerDesignName>
<indexState>Foreign Key</indexState>
<isSurrogateKey>false</isSurrogateKey>
<indexColumnUsage>
<colUsage columnID="5987C07A-5F62-FC87-B2E4-527591026AE5"/>
<colUsage columnID="070391CD-B3B0-E45E-68A5-BB67DA1742AD"/>
</indexColumnUsage>
</ind_PK_UK>
<ind_PK_UK id="D3611CEC-601C-9ABE-D35F-0AFCABFDCC59" name="O_T_TECNICO_MAN_FK">
<createdBy>saulg</createdBy>
<createdTime>2025-10-12 14:51:11 UTC</createdTime>
<generatorID>8D934546-6964-49C8-BD69-3C1A71BF471E</generatorID>
<ownerDesignName>EFT_S9_Saul_gatica</ownerDesignName>
<indexState>Foreign Key</indexState>
<isSurrogateKey>false</isSurrogateKey>
<indexColumnUsage>
<colUsage columnID="9204042A-362D-E70C-EDBB-2F3BCCFFDC9D"/>
</indexColumnUsage>
</ind_PK_UK>
<ind_PK_UK id="C3D1867B-6525-8108-3B5D-DA0BBC2C1932" name="ORDEN_MANTENCION_MAQUINA_FK">
<createdBy>saulg</createdBy>
<createdTime>2025-10-12 16:06:16 UTC</createdTime>
<generatorID>CE799352-3B94-4601-6235-876FCADEF467</generatorID>
<ownerDesignName>EFT_S9_Saul_gatica</ownerDesignName>
<indexState>Foreign Key</indexState>
<isSurrogateKey>false</isSurrogateKey>
<indexColumnUsage>
<colUsage columnID="9F92D48C-6D21-6995-C411-BFEB7AB43DF2"/>
<colUsage columnID="FE4C71AE-939D-064B-45DD-704D90F7A45A"/>
</indexColumnUsage>
</ind_PK_UK>
<ind_PK_UK id="98626EF0-8A36-2FF9-38BD-01E1144BD439" name="ORDEN_MANTENCION_TECNICO_MANTENCION_FK">
<createdBy>saulg</createdBy>
<createdTime>2025-10-12 16:06:16 UTC</createdTime>
<generatorID>2E36586E-495A-8E1E-CCD7-2A13FCC27226</generatorID>
<ownerDesignName>EFT_S9_Saul_gatica</ownerDesignName>
<indexState>Foreign Key</indexState>
<isSurrogateKey>false</isSurrogateKey>
<indexColumnUsage>
<colUsage columnID="7C139A09-B637-58EE-5AEB-F3DC206B07CF"/>
</indexColumnUsage>
</ind_PK_UK>
</indexes>
</Table>