<?xml version = '1.0' encoding = 'UTF-8'?>
<Table class="oracle.dbtools.crest.model.design.relational.Table" directorySegmentName="seg_0" id="4B8100C8-1050-907C-7057-20B271B6EDBA" name="PLANTA">
<createdBy>saulg</createdBy>
<createdTime>2025-10-12 14:51:11 UTC</createdTime>
<generatorID>5D5048E8-2E04-A7EF-7B41-F03E87A3BF26</generatorID>
<ownerDesignName>EFT_S9_Saul_gatica</ownerDesignName>
<allowColumnReorder>false</allowColumnReorder>
<existDependencyGenerateInDDl>true</existDependencyGenerateInDDl>
<parsed>true</parsed>
<columns itemClass="oracle.dbtools.crest.model.design.relational.Column">
<Column name="id_planta" id="15E05932-EE89-79AC-5289-DC7479F96370">
<createdBy>saulg</createdBy>
<createdTime>2025-10-12 14:51:11 UTC</createdTime>
<generatorID>57186678-90C6-62B5-6108-6C4F6C02336F</generatorID>
<ownerDesignName>EFT_S9_Saul_gatica</ownerDesignName>
<useDomainConstraints>false</useDomainConstraints>
<use>1</use>
<logicalDatatype>LOGDT011</logicalDatatype>
<ownDataTypeParameters>,,</ownDataTypeParameters>
<autoIncrementCycle>false</autoIncrementCycle>
</Column>
<Column name="nombre_planta" id="816C2EAB-0BB1-E85A-2034-DEC725AC5B38">
<createdBy>saulg</createdBy>
<createdTime>2025-10-12 14:51:11 UTC</createdTime>
<generatorID>50F7B1F1-AB85-CA60-2677-130902471D46</generatorID>
<ownerDesignName>EFT_S9_Saul_gatica</ownerDesignName>
<use>0</use>
<ownDataTypeParameters>,,</ownDataTypeParameters>
<autoIncrementCycle>false</autoIncrementCycle>
</Column>
<Column name="direccion" id="7CBC7C5E-DAC4-65F5-B5B6-C531C2CDE57F">
<createdBy>saulg</createdBy>
<createdTime>2025-10-12 14:51:11 UTC</createdTime>
<generatorID>D01F5D1F-E208-A9FA-4773-3914524A612D</generatorID>
<ownerDesignName>EFT_S9_Saul_gatica</ownerDesignName>
<useDomainConstraints>false</useDomainConstraints>
<use>1</use>
<logicalDatatype>LOGDT024</logicalDatatype>
<dataTypeSize>100 CHAR</dataTypeSize>
<ownDataTypeParameters>100 CHAR,,</ownDataTypeParameters>
<autoIncrementCycle>false</autoIncrementCycle>
</Column>
<Column name="id_comuna" id="4BFF03DF-9DDC-6411-2AD2-2D190747AA75">
<createdBy>saulg</createdBy>
<createdTime>2025-10-12 14:51:11 UTC</createdTime>
<generatorID>92B9E4AF-E410-DE78-A6F3-95D741C7F642</generatorID>
<ownerDesignName>EFT_S9_Saul_gatica</ownerDesignName>
<useDomainConstraints>false</useDomainConstraints>
<use>1</use>
<logicalDatatype>LOGDT011</logicalDatatype>
<ownDataTypeParameters>,,</ownDataTypeParameters>
<autoIncrementCycle>false</autoIncrementCycle>
</Column>
<Column name="COMUNA_codigo_comuna" id="107A5E71-5253-ACEE-AC76-ADF690BAE2AF">
<createdBy>saulg</createdBy>
<createdTime>2025-10-12 14:51:11 UTC</createdTime>
<generatorID>1BC14952-6BD5-4E70-05EA-172D06E8C64A</generatorID>
<ownerDesignName>EFT_S9_Saul_gatica</ownerDesignName>
<useDomainConstraints>false</useDomainConstraints>
<use>1</use>
<logicalDatatype>LOGDT011</logicalDatatype>
<ownDataTypeParameters>,,</ownDataTypeParameters>
<previousColumn>false</previousColumn>
<autoIncrementCycle>false</autoIncrementCycle>
<associations>
<colAssociation fkAssociation="182F8B85-47FB-6B68-41CC-8D8D743DEEFC" referredColumn="0DBCB0E1-0046-2B93-7D63-D61E2301D601"/>
</associations>
</Column>
<Column name="COMUNA_id_comuna" id="C1A5EFA3-5264-9D39-84F3-F2512D79637C">
<createdBy>saulg</createdBy>
<createdTime>2025-10-12 16:06:16 UTC</createdTime>
<generatorID>A8CF8F14-6D68-6A7B-C64B-290200D4B28A</generatorID>
<ownerDesignName>EFT_S9_Saul_gatica</ownerDesignName>
<useDomainConstraints>false</useDomainConstraints>
<use>1</use>
<logicalDatatype>LOGDT011</logicalDatatype>
<ownDataTypeParameters>,,</ownDataTypeParameters>
<previousColumn>false</previousColumn>
<autoIncrementCycle>false</autoIncrementCycle>
<associations>
<colAssociation fkAssociation="95CA0038-31CC-808D-246D-62C246E71B5D" referredColumn="0DBCB0E1-0046-2B93-7D63-D61E2301D601"/>
</associations>
</Column>
</columns>
<indexes itemClass="oracle.dbtools.crest.model.design.relational.Index">
<ind_PK_UK id="EB709FD2-CC57-C125-E225-803C01A6D30E" name="PLANTA_PK">
<createdBy>saulg</createdBy>
<createdTime>2025-10-12 14:51:11 UTC</createdTime>
<generatorID>DD434A8A-C1F0-54D0-9545-1CC5C2F4A5AC</generatorID>
<ownerDesignName>EFT_S9_Saul_gatica</ownerDesignName>
<pk>true</pk>
<indexState>Primary Constraint</indexState>
<isSurrogateKey>false</isSurrogateKey>
<indexColumnUsage>
<colUsage columnID="15E05932-EE89-79AC-5289-DC7479F96370"/>
</indexColumnUsage>
</ind_PK_UK>
<ind_PK_UK id="F45AA5AA-01CC-036D-E51C-5C63F9D53D93" name="PLANTA_COMUNA_FK">
<createdBy>saulg</createdBy>
<createdTime>2025-10-12 14:51:11 UTC</createdTime>
<generatorID>92F60E0E-C5C1-EC18-EDA3-49A9B481CF3E</generatorID>
<ownerDesignName>EFT_S9_Saul_gatica</ownerDesignName>
<indexState>Foreign Key</indexState>
<isSurrogateKey>false</isSurrogateKey>
<indexColumnUsage>
<colUsage columnID="107A5E71-5253-ACEE-AC76-ADF690BAE2AF"/>
</indexColumnUsage>
</ind_PK_UK>
<ind_PK_UK id="086C6331-856B-DD30-35BE-D32759284614" name="PLANTA_COMUNA_FKv2">
<createdBy>saulg</createdBy>
<createdTime>2025-10-12 16:06:16 UTC</createdTime>
<generatorID>5EEBA9D0-6585-40AC-5CB3-9584630140CD</generatorID>
<ownerDesignName>EFT_S9_Saul_gatica</ownerDesignName>
<indexState>Foreign Key</indexState>
<isSurrogateKey>false</isSurrogateKey>
<indexColumnUsage>
<colUsage columnID="C1A5EFA3-5264-9D39-84F3-F2512D79637C"/>
</indexColumnUsage>
</ind_PK_UK>
</indexes>
</Table>