<?xml version = '1.0' encoding = 'UTF-8'?>
<Table class="oracle.dbtools.crest.model.design.relational.Table" directorySegmentName="seg_0" id="6D0EEBBB-89B1-50CA-97E9-B4FF03FD3F11" name="TURNO">
<createdBy>saulg</createdBy>
<createdTime>2025-10-12 14:51:11 UTC</createdTime>
<generatorID>53973F39-62D5-39B9-3C48-0A9DB4478FBE</generatorID>
<ownerDesignName>EFT_S9_Saul_gatica</ownerDesignName>
<allowColumnReorder>false</allowColumnReorder>
<existDependencyGenerateInDDl>true</existDependencyGenerateInDDl>
<parsed>true</parsed>
<columns itemClass="oracle.dbtools.crest.model.design.relational.Column">
<Column name="id_turno" id="BAE0A27C-FCFD-85F9-E2B1-F3F15FCF0991">
<createdBy>saulg</createdBy>
<createdTime>2025-10-12 14:51:11 UTC</createdTime>
<generatorID>4A3F6B78-48F2-F0AD-03BE-6FB71E78ED25</generatorID>
<ownerDesignName>EFT_S9_Saul_gatica</ownerDesignName>
<useDomainConstraints>false</useDomainConstraints>
<use>1</use>
<logicalDatatype>LOGDT011</logicalDatatype>
<ownDataTypeParameters>,,</ownDataTypeParameters>
<autoIncrementCycle>false</autoIncrementCycle>
</Column>
<Column name="nombre_turno" id="F657F173-12FA-DABC-40E6-0EA43D6B8E2C">
<createdBy>saulg</createdBy>
<createdTime>2025-10-12 14:51:11 UTC</createdTime>
<generatorID>BFC2DD6C-031B-DDA4-C9E6-967ABB8FC9AA</generatorID>
<ownerDesignName>EFT_S9_Saul_gatica</ownerDesignName>
<useDomainConstraints>false</useDomainConstraints>
<use>1</use>
<logicalDatatype>LOGDT024</logicalDatatype>
<dataTypeSize>20</dataTypeSize>
<ownDataTypeParameters>20,,</ownDataTypeParameters>
<autoIncrementCycle>false</autoIncrementCycle>
</Column>
<Column name="hora_inicio" id="E739913D-86D2-8E31-DDFC-FC5B90CA3984">
<createdBy>saulg</createdBy>
<createdTime>2025-10-12 14:51:11 UTC</createdTime>
<generatorID>DBFD2069-D413-58A4-16C1-A936E1152FCF</generatorID>
<ownerDesignName>EFT_S9_Saul_gatica</ownerDesignName>
<useDomainConstraints>false</useDomainConstraints>
<use>1</use>
<logicalDatatype>LOGDT025</logicalDatatype>
<dataTypeSize>5</dataTypeSize>
<ownDataTypeParameters>5,,</ownDataTypeParameters>
<autoIncrementCycle>false</autoIncrementCycle>
</Column>
<Column name="hora_termino" id="B277ABAD-45AC-459C-9A3C-3063A3C156AC">
<createdBy>saulg</createdBy>
<createdTime>2025-10-12 14:51:11 UTC</createdTime>
<generatorID>E6E4DA41-8B1B-13A7-1E3D-130C89DDC79C</generatorID>
<ownerDesignName>EFT_S9_Saul_gatica</ownerDesignName>
<useDomainConstraints>false</useDomainConstraints>
<use>1</use>
<logicalDatatype>LOGDT025</logicalDatatype>
<dataTypeSize>5</dataTypeSize>
<ownDataTypeParameters>5,,</ownDataTypeParameters>
<autoIncrementCycle>false</autoIncrementCycle>
</Column>
</columns>
<indexes itemClass="oracle.dbtools.crest.model.design.relational.Index">
<ind_PK_UK id="943D8922-1242-01E9-BED7-C299135C721F" name="TURNO_PK">
<createdBy>saulg</createdBy>
<createdTime>2025-10-12 14:51:11 UTC</createdTime>
<generatorID>87D2609A-2701-05CA-E86A-07E80E9C026C</generatorID>
<ownerDesignName>EFT_S9_Saul_gatica</ownerDesignName>
<pk>true</pk>
<indexState>Primary Constraint</indexState>
<isSurrogateKey>false</isSurrogateKey>
<indexColumnUsage>
<colUsage columnID="BAE0A27C-FCFD-85F9-E2B1-F3F15FCF0991"/>
</indexColumnUsage>
</ind_PK_UK>
</indexes>
</Table>