<?xml version = '1.0' encoding = 'UTF-8'?>
<Table class="oracle.dbtools.crest.model.design.relational.Table" directorySegmentName="seg_0" id="7FDAE081-7713-0B35-7B0D-85C5FC0DE9C4" name="JEFE_TURNO">
<createdBy>saulg</createdBy>
<createdTime>2025-10-12 14:51:11 UTC</createdTime>
<generatorID>F86B1496-544F-64D8-D341-E5B60D1B5214</generatorID>
<ownerDesignName>EFT_S9_Saul_gatica</ownerDesignName>
<allowColumnReorder>false</allowColumnReorder>
<existDependencyGenerateInDDl>true</existDependencyGenerateInDDl>
<parsed>true</parsed>
<columns itemClass="oracle.dbtools.crest.model.design.relational.Column">
<Column name="codigo_empleado" id="F1985250-13F9-8581-1F29-7C5886307235">
<createdBy>saulg</createdBy>
<createdTime>2025-10-12 14:51:11 UTC</createdTime>
<generatorID>6D50E5C8-B1C5-35D5-299E-6E12915E7023</generatorID>
<ownerDesignName>EFT_S9_Saul_gatica</ownerDesignName>
<shouldEngineer>false</shouldEngineer>
<useDomainConstraints>false</useDomainConstraints>
<use>1</use>
<logicalDatatype>LOGDT011</logicalDatatype>
<ownDataTypeParameters>,,</ownDataTypeParameters>
<autoIncrementCycle>false</autoIncrementCycle>
<associations>
<colAssociation fkAssociation="6840061A-087E-0DA3-0A4A-22FE67874219" referredColumn="5BDA8EF3-B16A-880C-213B-B44FD195F7F8"/>
</associations>
</Column>
<Column name="id_empleado1" id="4CEDC87A-2C42-9FFB-BB38-8D8C7A1404D0">
<createdBy>saulg</createdBy>
<createdTime>2025-10-12 14:51:11 UTC</createdTime>
<generatorID>69F3D177-339D-CD05-F097-1D329A56D6D2</generatorID>
<ownerDesignName>EFT_S9_Saul_gatica</ownerDesignName>
<useDomainConstraints>false</useDomainConstraints>
<use>1</use>
<logicalDatatype>LOGDT011</logicalDatatype>
<ownDataTypeParameters>,,</ownDataTypeParameters>
<autoIncrementCycle>false</autoIncrementCycle>
</Column>
<Column name="area_responsabilidad" id="B13F3378-0A2A-8F95-07C5-2CD5298800AC">
<createdBy>saulg</createdBy>
<createdTime>2025-10-12 14:51:11 UTC</createdTime>
<generatorID>B3A7FBAF-8CED-87F1-0CCA-348A883FF17E</generatorID>
<ownerDesignName>EFT_S9_Saul_gatica</ownerDesignName>
<useDomainConstraints>false</useDomainConstraints>
<use>1</use>
<logicalDatatype>LOGDT024</logicalDatatype>
<dataTypeSize>100</dataTypeSize>
<ownDataTypeParameters>100,,</ownDataTypeParameters>
<autoIncrementCycle>false</autoIncrementCycle>
</Column>
<Column name="max_operarios" id="F1DDB167-EA2D-669A-863C-F6E7B6E04CB2">
<createdBy>saulg</createdBy>
<createdTime>2025-10-12 14:51:11 UTC</createdTime>
<generatorID>5E467C72-EB09-9467-CAF1-2AF417C95944</generatorID>
<ownerDesignName>EFT_S9_Saul_gatica</ownerDesignName>
<useDomainConstraints>false</useDomainConstraints>
<use>1</use>
<logicalDatatype>LOGDT011</logicalDatatype>
<ownDataTypeParameters>,,</ownDataTypeParameters>
<autoIncrementCycle>false</autoIncrementCycle>
</Column>
<Column name="EMPLEADO_codigo_empleado" id="163244A9-18E3-B0EF-69CE-AA75D76C4BC0">
<createdBy>saulg</createdBy>
<createdTime>2025-10-12 14:51:11 UTC</createdTime>
<generatorID>CDECBCBB-B09F-7D92-CB75-784B39501240</generatorID>
<ownerDesignName>EFT_S9_Saul_gatica</ownerDesignName>
<useDomainConstraints>false</useDomainConstraints>
<use>1</use>
<logicalDatatype>LOGDT011</logicalDatatype>
<ownDataTypeParameters>,,</ownDataTypeParameters>
<previousColumn>false</previousColumn>
<autoIncrementCycle>false</autoIncrementCycle>
<associations>
<colAssociation fkAssociation="37E32CFF-5225-F76C-B47E-2685D0941769" referredColumn="5BDA8EF3-B16A-880C-213B-B44FD195F7F8"/>
</associations>
</Column>
</columns>
<indexes itemClass="oracle.dbtools.crest.model.design.relational.Index">
<ind_PK_UK id="8E8C9B7F-1C7E-71A4-CF65-1CFB9E4174C5" name="JEFE_TURNO_PK">
<createdBy>saulg</createdBy>
<createdTime>2025-10-12 14:51:11 UTC</createdTime>
<generatorID>6E3A130C-79EB-61BF-370F-33205C652D3A</generatorID>
<ownerDesignName>EFT_S9_Saul_gatica</ownerDesignName>
<shouldEngineer>false</shouldEngineer>
<pk>true</pk>
<indexState>Primary Constraint</indexState>
<isSurrogateKey>false</isSurrogateKey>
<indexColumnUsage>
<colUsage columnID="F1985250-13F9-8581-1F29-7C5886307235"/>
</indexColumnUsage>
</ind_PK_UK>
<ind_PK_UK id="FF0A0323-25DD-FE2A-DAB1-2254DD7045BB" name="JEFE_TURNO_PKv1">
<createdBy>saulg</createdBy>
<createdTime>2025-10-12 14:51:11 UTC</createdTime>
<generatorID>8612D388-9E3B-FAAF-17DD-9D2687FEBD34</generatorID>
<ownerDesignName>EFT_S9_Saul_gatica</ownerDesignName>
<shouldEngineer>false</shouldEngineer>
<indexState>Unique Constraint</indexState>
<isSurrogateKey>false</isSurrogateKey>
<indexColumnUsage>
<colUsage columnID="4CEDC87A-2C42-9FFB-BB38-8D8C7A1404D0"/>
</indexColumnUsage>
</ind_PK_UK>
<ind_PK_UK id="60EEDC7B-2727-5D52-6A0E-9132020FA7BE" name="JEFE_TURNO_EMPLEADO_FK">
<createdBy>saulg</createdBy>
<createdTime>2025-10-12 14:51:11 UTC</createdTime>
<generatorID>8AAFEB7B-B559-3129-3B82-B59EA5E57589</generatorID>
<ownerDesignName>EFT_S9_Saul_gatica</ownerDesignName>
<indexState>Foreign Key</indexState>
<isSurrogateKey>false</isSurrogateKey>
<indexColumnUsage>
<colUsage columnID="F1985250-13F9-8581-1F29-7C5886307235"/>
</indexColumnUsage>
</ind_PK_UK>
<ind_PK_UK id="A998B7CC-13C4-19CC-5551-4E3361D64F32" name="JEFE_TURNO_EMPLEADO_FKv2">
<createdBy>saulg</createdBy>
<createdTime>2025-10-12 14:51:11 UTC</createdTime>
<generatorID>D1F0B8B8-3A6F-8485-793E-FE84DD68347A</generatorID>
<ownerDesignName>EFT_S9_Saul_gatica</ownerDesignName>
<indexState>Foreign Key</indexState>
<isSurrogateKey>false</isSurrogateKey>
<indexColumnUsage>
<colUsage columnID="163244A9-18E3-B0EF-69CE-AA75D76C4BC0"/>
</indexColumnUsage>
</ind_PK_UK>
</indexes>
</Table>