<?xml version = '1.0' encoding = 'UTF-8'?>
<Table class="oracle.dbtools.crest.model.design.relational.Table" directorySegmentName="seg_0" id="8869511C-4C47-9059-C57E-FCCA877F5DD2" name="OPERARIO">
<createdBy>saulg</createdBy>
<createdTime>2025-10-12 14:51:11 UTC</createdTime>
<generatorID>B8948BBA-5948-8AC7-EF7D-0EF0BD335B3D</generatorID>
<ownerDesignName>EFT_S9_Saul_gatica</ownerDesignName>
<allowColumnReorder>false</allowColumnReorder>
<existDependencyGenerateInDDl>true</existDependencyGenerateInDDl>
<parsed>true</parsed>
<columns itemClass="oracle.dbtools.crest.model.design.relational.Column">
<Column name="codigo_empleado" id="8AC51256-5A44-E3D6-A25D-5A4919A8A6E2">
<createdBy>saulg</createdBy>
<createdTime>2025-10-12 14:51:11 UTC</createdTime>
<generatorID>6D50E5C8-B1C5-35D5-299E-6E12915E7023</generatorID>
<ownerDesignName>EFT_S9_Saul_gatica</ownerDesignName>
<shouldEngineer>false</shouldEngineer>
<useDomainConstraints>false</useDomainConstraints>
<use>1</use>
<logicalDatatype>LOGDT011</logicalDatatype>
<ownDataTypeParameters>,,</ownDataTypeParameters>
<autoIncrementCycle>false</autoIncrementCycle>
<associations>
<colAssociation fkAssociation="2488E57D-DFCF-8509-1A29-4C2551FF585C" referredColumn="5BDA8EF3-B16A-880C-213B-B44FD195F7F8"/>
</associations>
</Column>
<Column name="id_empleado" id="C6133F02-E3E6-2C3A-A3A9-12A26C4C1AD0">
<createdBy>saulg</createdBy>
<createdTime>2025-10-12 14:51:11 UTC</createdTime>
<generatorID>897ADF31-8F99-778F-CBEA-371FFC0A3C27</generatorID>
<ownerDesignName>EFT_S9_Saul_gatica</ownerDesignName>
<useDomainConstraints>false</useDomainConstraints>
<use>1</use>
<logicalDatatype>LOGDT011</logicalDatatype>
<ownDataTypeParameters>,,</ownDataTypeParameters>
<autoIncrementCycle>false</autoIncrementCycle>
</Column>
<Column name="categoria_proceso" id="F3218899-29AA-389D-A526-E5AA63A29DD5">
<createdBy>saulg</createdBy>
<createdTime>2025-10-12 14:51:11 UTC</createdTime>
<generatorID>CACA4F33-AB6A-62AE-DF74-7C82E231E6B2</generatorID>
<ownerDesignName>EFT_S9_Saul_gatica</ownerDesignName>
<useDomainConstraints>false</useDomainConstraints>
<use>1</use>
<logicalDatatype>LOGDT024</logicalDatatype>
<dataTypeSize>50</dataTypeSize>
<ownDataTypeParameters>50,,</ownDataTypeParameters>
<autoIncrementCycle>false</autoIncrementCycle>
</Column>
<Column name="certificacion" id="6C841BC4-C61B-E7A2-84E1-6C5DB1B34854">
<createdBy>saulg</createdBy>
<createdTime>2025-10-12 14:51:11 UTC</createdTime>
<generatorID>DDFF8F62-2E3A-C2EC-985D-9E9F4E512111</generatorID>
<ownerDesignName>EFT_S9_Saul_gatica</ownerDesignName>
<nullsAllowed>true</nullsAllowed>
<useDomainConstraints>false</useDomainConstraints>
<use>1</use>
<logicalDatatype>LOGDT024</logicalDatatype>
<dataTypeSize>100</dataTypeSize>
<ownDataTypeParameters>100,,</ownDataTypeParameters>
<autoIncrementCycle>false</autoIncrementCycle>
</Column>
<Column name="hrs_turno" id="C2DFD1F8-383B-6305-F0D0-B2D990A65F87">
<createdBy>saulg</createdBy>
<createdTime>2025-10-12 14:51:11 UTC</createdTime>
<generatorID>F67B3564-8CF9-452B-FD17-60840ED76661</generatorID>
<ownerDesignName>EFT_S9_Saul_gatica</ownerDesignName>
<useDomainConstraints>false</useDomainConstraints>
<use>1</use>
<logicalDatatype>LOGDT024</logicalDatatype>
<dataTypeSize>1</dataTypeSize>
<ownDataTypeParameters>1,,</ownDataTypeParameters>
<autoIncrementCycle>false</autoIncrementCycle>
</Column>
</columns>
<indexes itemClass="oracle.dbtools.crest.model.design.relational.Index">
<ind_PK_UK id="E6CECA31-28E4-1EF3-3313-48B12AE468CC" name="OPERARIO_PK">
<createdBy>saulg</createdBy>
<createdTime>2025-10-12 14:51:11 UTC</createdTime>
<generatorID>6E3A130C-79EB-61BF-370F-33205C652D3A</generatorID>
<ownerDesignName>EFT_S9_Saul_gatica</ownerDesignName>
<shouldEngineer>false</shouldEngineer>
<pk>true</pk>
<indexState>Primary Constraint</indexState>
<isSurrogateKey>false</isSurrogateKey>
<indexColumnUsage>
<colUsage columnID="8AC51256-5A44-E3D6-A25D-5A4919A8A6E2"/>
</indexColumnUsage>
</ind_PK_UK>
<ind_PK_UK id="4304055C-1353-FBB5-0D16-17C07D01B335" name="OPERARIO_PKv1">
<createdBy>saulg</createdBy>
<createdTime>2025-10-12 14:51:11 UTC</createdTime>
<generatorID>77DC1ABB-696F-2F46-F6C1-3B9F3BA76520</generatorID>
<ownerDesignName>EFT_S9_Saul_gatica</ownerDesignName>
<shouldEngineer>false</shouldEngineer>
<indexState>Unique Constraint</indexState>
<isSurrogateKey>false</isSurrogateKey>
<indexColumnUsage>
<colUsage columnID="C6133F02-E3E6-2C3A-A3A9-12A26C4C1AD0"/>
</indexColumnUsage>
</ind_PK_UK>
<ind_PK_UK id="253B73EE-145A-AA74-FF00-1951E8BAA7BF" name="OPERARIO_EMPLEADO_FK">
<createdBy>saulg</createdBy>
<createdTime>2025-10-12 14:51:11 UTC</createdTime>
<generatorID>6E5BD3EC-FFF0-A92F-9AFA-CE0B2F1D93B9</generatorID>
<ownerDesignName>EFT_S9_Saul_gatica</ownerDesignName>
<indexState>Foreign Key</indexState>
<isSurrogateKey>false</isSurrogateKey>
<indexColumnUsage>
<colUsage columnID="8AC51256-5A44-E3D6-A25D-5A4919A8A6E2"/>
</indexColumnUsage>
</ind_PK_UK>
</indexes>
</Table>