<?xml version = '1.0' encoding = 'UTF-8'?>
<Table class="oracle.dbtools.crest.model.design.relational.Table" directorySegmentName="seg_0" id="A45CAC7A-A1DC-849D-D723-A4734F93B621" name="EMPLEADO">
<createdBy>saulg</createdBy>
<createdTime>2025-10-12 14:51:11 UTC</createdTime>
<generatorID>39BF0045-A706-D9CD-3722-9B17EDA82E53</generatorID>
<ownerDesignName>EFT_S9_Saul_gatica</ownerDesignName>
<allowColumnReorder>false</allowColumnReorder>
<existDependencyGenerateInDDl>true</existDependencyGenerateInDDl>
<parsed>true</parsed>
<columns itemClass="oracle.dbtools.crest.model.design.relational.Column">
<Column name="id_empleado" id="5BDA8EF3-B16A-880C-213B-B44FD195F7F8">
<createdBy>saulg</createdBy>
<createdTime>2025-10-12 14:51:11 UTC</createdTime>
<generatorID>6D50E5C8-B1C5-35D5-299E-6E12915E7023</generatorID>
<ownerDesignName>EFT_S9_Saul_gatica</ownerDesignName>
<useDomainConstraints>false</useDomainConstraints>
<use>1</use>
<logicalDatatype>LOGDT011</logicalDatatype>
<ownDataTypeParameters>,,</ownDataTypeParameters>
<autoIncrementCycle>false</autoIncrementCycle>
</Column>
<Column name="rut" id="4E324E39-9AD0-67D6-95EF-64DCA06D5744">
<createdBy>saulg</createdBy>
<createdTime>2025-10-12 14:51:11 UTC</createdTime>
<generatorID>C4799DE1-8155-B2D7-B73D-A2BA01147F90</generatorID>
<ownerDesignName>EFT_S9_Saul_gatica</ownerDesignName>
<useDomainConstraints>false</useDomainConstraints>
<use>1</use>
<logicalDatatype>LOGDT024</logicalDatatype>
<dataTypeSize>15 CHAR</dataTypeSize>
<ownDataTypeParameters>15 CHAR,,</ownDataTypeParameters>
<autoIncrementCycle>false</autoIncrementCycle>
</Column>
<Column name="nombres" id="2883EF53-C43F-759D-AA6C-EA8634755DBD">
<createdBy>saulg</createdBy>
<createdTime>2025-10-12 14:51:11 UTC</createdTime>
<generatorID>69EE4A56-1F4E-46D0-0F3F-1E4234F2D916</generatorID>
<ownerDesignName>EFT_S9_Saul_gatica</ownerDesignName>
<useDomainConstraints>false</useDomainConstraints>
<use>1</use>
<logicalDatatype>LOGDT024</logicalDatatype>
<dataTypeSize>100</dataTypeSize>
<ownDataTypeParameters>100,,</ownDataTypeParameters>
<autoIncrementCycle>false</autoIncrementCycle>
</Column>
<Column name="apellidos" id="9E0E99C8-1E35-0E93-F5B1-27D1ECE038B8">
<createdBy>saulg</createdBy>
<createdTime>2025-10-12 14:51:11 UTC</createdTime>
<generatorID>8BE56F97-4D80-F6CF-8B85-DD413FDCC4AD</generatorID>
<ownerDesignName>EFT_S9_Saul_gatica</ownerDesignName>
<useDomainConstraints>false</useDomainConstraints>
<use>1</use>
<logicalDatatype>LOGDT024</logicalDatatype>
<dataTypeSize>100</dataTypeSize>
<ownDataTypeParameters>100,,</ownDataTypeParameters>
<autoIncrementCycle>false</autoIncrementCycle>
</Column>
<Column name="fecha_contr" id="9A17634C-E9B4-63DC-031E-4E8355EF192B">
<createdBy>saulg</createdBy>
<createdTime>2025-10-12 14:51:11 UTC</createdTime>
<generatorID>43E83DF3-02E6-23EE-4CC0-620A7CDF2387</generatorID>
<ownerDesignName>EFT_S9_Saul_gatica</ownerDesignName>
<useDomainConstraints>false</useDomainConstraints>
<use>1</use>
<logicalDatatype>LOGDT007</logicalDatatype>
<ownDataTypeParameters>,,</ownDataTypeParameters>
<autoIncrementCycle>false</autoIncrementCycle>
</Column>
<Column name="sueldo_base" id="2449AD89-4647-58C9-7B91-37B6DC3E2985">
<createdBy>saulg</createdBy>
<createdTime>2025-10-12 14:51:11 UTC</createdTime>
<generatorID>929891D9-2934-A71B-260A-0B409B799FE5</generatorID>
<ownerDesignName>EFT_S9_Saul_gatica</ownerDesignName>
<useDomainConstraints>false</useDomainConstraints>
<use>1</use>
<logicalDatatype>LOGDT011</logicalDatatype>
<ownDataTypeParameters>,,</ownDataTypeParameters>
<autoIncrementCycle>false</autoIncrementCycle>
</Column>
<Column name="estado_activo" id="7CA2E7A1-8799-6FA2-992C-C6A07E412D24">
<createdBy>saulg</createdBy>
<createdTime>2025-10-12 14:51:11 UTC</createdTime>
<commentInRDBMS><![CDATA[S/N]]></commentInRDBMS>
<generatorID>7F1EACB6-DBAC-6571-6E78-47DFB805A720</generatorID>
<ownerDesignName>EFT_S9_Saul_gatica</ownerDesignName>
<useDomainConstraints>false</useDomainConstraints>
<use>1</use>
<logicalDatatype>LOGDT025</logicalDatatype>
<dataTypeSize>1</dataTypeSize>
<ownDataTypeParameters>1,,</ownDataTypeParameters>
<autoIncrementCycle>false</autoIncrementCycle>
</Column>
<Column name="id_planta" id="E7F79E6F-C6D7-17A4-AD46-F66BF2956652">
<createdBy>saulg</createdBy>
<createdTime>2025-10-12 14:51:11 UTC</createdTime>
<generatorID>0E5FE2CD-FA73-FE37-5ABA-2D034B11A586</generatorID>
<ownerDesignName>EFT_S9_Saul_gatica</ownerDesignName>
<useDomainConstraints>false</useDomainConstraints>
<use>1</use>
<logicalDatatype>LOGDT011</logicalDatatype>
<ownDataTypeParameters>,,</ownDataTypeParameters>
<autoIncrementCycle>false</autoIncrementCycle>
</Column>
<Column name="id_afp" id="2B79E672-0C1E-C8BA-DC70-EBCCCDD9822A">
<createdBy>saulg</createdBy>
<createdTime>2025-10-12 14:51:11 UTC</createdTime>
<generatorID>B5D50455-823D-4664-CD93-0EA7A977146B</generatorID>
<ownerDesignName>EFT_S9_Saul_gatica</ownerDesignName>
<useDomainConstraints>false</useDomainConstraints>
<use>1</use>
<logicalDatatype>LOGDT011</logicalDatatype>
<ownDataTypeParameters>,,</ownDataTypeParameters>
<autoIncrementCycle>false</autoIncrementCycle>
</Column>
<Column name="codigo_salud" id="26CD07B9-8CE5-B0DF-C3F0-C33AFEC1B21A">
<createdBy>saulg</createdBy>
<createdTime>2025-10-12 14:51:11 UTC</createdTime>
<generatorID>E2BE8784-DD40-3E6E-1DF2-C05CFCF80324</generatorID>
<ownerDesignName>EFT_S9_Saul_gatica</ownerDesignName>
<useDomainConstraints>false</useDomainConstraints>
<use>1</use>
<logicalDatatype>LOGDT011</logicalDatatype>
<ownDataTypeParameters>,,</ownDataTypeParameters>
<autoIncrementCycle>false</autoIncrementCycle>
</Column>
<Column name="id_jefe_directo" id="7156053A-735B-C34C-DE30-CECE76A6CCC5">
<createdBy>saulg</createdBy>
<createdTime>2025-10-12 14:51:11 UTC</createdTime>
<generatorID>507B35BB-7A3E-30C9-98AD-7AC5B2831D30</generatorID>
<ownerDesignName>EFT_S9_Saul_gatica</ownerDesignName>
<useDomainConstraints>false</useDomainConstraints>
<use>1</use>
<logicalDatatype>LOGDT011</logicalDatatype>
<ownDataTypeParameters>,,</ownDataTypeParameters>
<autoIncrementCycle>false</autoIncrementCycle>
</Column>
<Column name="PLANTA_id_planta" id="6774BA7F-0F47-F03D-F06B-E7DE7E6165F8">
<createdBy>saulg</createdBy>
<createdTime>2025-10-12 14:51:11 UTC</createdTime>
<generatorID>99BD7619-3D03-33E7-51FC-6412245E4916</generatorID>
<ownerDesignName>EFT_S9_Saul_gatica</ownerDesignName>
<useDomainConstraints>false</useDomainConstraints>
<use>1</use>
<logicalDatatype>LOGDT011</logicalDatatype>
<ownDataTypeParameters>,,</ownDataTypeParameters>
<previousColumn>false</previousColumn>
<autoIncrementCycle>false</autoIncrementCycle>
<associations>
<colAssociation fkAssociation="1B57811F-692F-8220-EB09-4D9202B4AC38" referredColumn="15E05932-EE89-79AC-5289-DC7479F96370"/>
</associations>
</Column>
<Column name="EMPLEADO_codigo_empleado" id="B40F0BA0-2C82-BC42-C2EE-F2F98423D18B">
<createdBy>saulg</createdBy>
<createdTime>2025-10-12 14:51:11 UTC</createdTime>
<generatorID>2B461462-46BC-0956-6B90-25CE72254296</generatorID>
<ownerDesignName>EFT_S9_Saul_gatica</ownerDesignName>
<useDomainConstraints>false</useDomainConstraints>
<use>1</use>
<logicalDatatype>LOGDT011</logicalDatatype>
<ownDataTypeParameters>,,</ownDataTypeParameters>
<previousColumn>false</previousColumn>
<autoIncrementCycle>false</autoIncrementCycle>
<associations>
<colAssociation fkAssociation="F0DBC82A-4157-3CA1-92EC-647005CAF5C9" referredColumn="5BDA8EF3-B16A-880C-213B-B44FD195F7F8"/>
</associations>
</Column>
<Column name="AFP_codigo_afp" id="0C17FA07-589B-4BB4-776B-2CAD54470A3C">
<createdBy>saulg</createdBy>
<createdTime>2025-10-12 14:51:11 UTC</createdTime>
<generatorID>70650D19-4E82-BA0C-9181-35BC297637F4</generatorID>
<ownerDesignName>EFT_S9_Saul_gatica</ownerDesignName>
<useDomainConstraints>false</useDomainConstraints>
<use>1</use>
<logicalDatatype>LOGDT011</logicalDatatype>
<ownDataTypeParameters>,,</ownDataTypeParameters>
<previousColumn>false</previousColumn>
<autoIncrementCycle>false</autoIncrementCycle>
<associations>
<colAssociation fkAssociation="D4362BE4-48E1-E641-6A5C-9921316D119F" referredColumn="B6915FD7-A52A-4951-97BD-E17BEDDB8F53"/>
</associations>
</Column>
<Column name="SALUD_codigo_salud" id="64301FF1-C449-CDDB-C3A3-009271668167">
<createdBy>saulg</createdBy>
<createdTime>2025-10-12 14:51:11 UTC</createdTime>
<generatorID>7B7AB77E-8DBF-61C2-55CE-E38BBC215FEB</generatorID>
<ownerDesignName>EFT_S9_Saul_gatica</ownerDesignName>
<useDomainConstraints>false</useDomainConstraints>
<use>1</use>
<logicalDatatype>LOGDT011</logicalDatatype>
<ownDataTypeParameters>,,</ownDataTypeParameters>
<previousColumn>false</previousColumn>
<autoIncrementCycle>false</autoIncrementCycle>
<associations>
<colAssociation fkAssociation="0EE7A4FF-8B3F-89C9-69BB-AEEB52337C75" referredColumn="11A35F25-9C60-291E-3028-2FB5C2691A99"/>
</associations>
</Column>
<Column name="id_salud" id="E3A66CF6-186E-90D0-9D7A-F4AA87B8B214">
<createdBy>saulg</createdBy>
<createdTime>2025-10-12 16:06:16 UTC</createdTime>
<generatorID>D3CE3F8A-3AFB-03B2-EDC5-12F0F76EDE96</generatorID>
<ownerDesignName>EFT_S9_Saul_gatica</ownerDesignName>
<useDomainConstraints>false</useDomainConstraints>
<use>1</use>
<logicalDatatype>LOGDT011</logicalDatatype>
<ownDataTypeParameters>,,</ownDataTypeParameters>
<autoIncrementCycle>false</autoIncrementCycle>
</Column>
<Column name="EMPLEADO_id_empleado" id="8C163926-931C-4195-9ED7-7B4A4C400B25">
<createdBy>saulg</createdBy>
<createdTime>2025-10-12 16:06:16 UTC</createdTime>
<generatorID>EF787A91-316E-A940-CD9E-C4F4BCBFD79E</generatorID>
<ownerDesignName>EFT_S9_Saul_gatica</ownerDesignName>
<useDomainConstraints>false</useDomainConstraints>
<use>1</use>
<logicalDatatype>LOGDT011</logicalDatatype>
<ownDataTypeParameters>,,</ownDataTypeParameters>
<previousColumn>false</previousColumn>
<autoIncrementCycle>false</autoIncrementCycle>
<associations>
<colAssociation fkAssociation="30599423-4659-B313-161B-04A6BAA3F7C5" referredColumn="5BDA8EF3-B16A-880C-213B-B44FD195F7F8"/>
</associations>
</Column>
<Column name="PLANTA_id_planta2" id="072120DE-7322-06F2-71DD-3220E6A0E13B">
<createdBy>saulg</createdBy>
<createdTime>2025-10-12 16:06:16 UTC</createdTime>
<generatorID>619C51A0-8721-0170-8160-F42E988A8298</generatorID>
<ownerDesignName>EFT_S9_Saul_gatica</ownerDesignName>
<useDomainConstraints>false</useDomainConstraints>
<use>1</use>
<logicalDatatype>LOGDT011</logicalDatatype>
<ownDataTypeParameters>,,</ownDataTypeParameters>
<previousColumn>false</previousColumn>
<autoIncrementCycle>false</autoIncrementCycle>
<associations>
<colAssociation fkAssociation="A6818347-BC87-B2FC-0944-7E8AA5300133" referredColumn="15E05932-EE89-79AC-5289-DC7479F96370"/>
</associations>
</Column>
<Column name="EMPLEADO_id_empleado2" id="85E640CC-9DF3-D251-E20A-988C03EE2135">
<createdBy>saulg</createdBy>
<createdTime>2025-10-12 16:06:16 UTC</createdTime>
<generatorID>D93D80D5-CC3B-04C8-3B3F-3390DBCCC70C</generatorID>
<ownerDesignName>EFT_S9_Saul_gatica</ownerDesignName>
<useDomainConstraints>false</useDomainConstraints>
<use>1</use>
<logicalDatatype>LOGDT011</logicalDatatype>
<ownDataTypeParameters>,,</ownDataTypeParameters>
<previousColumn>false</previousColumn>
<autoIncrementCycle>false</autoIncrementCycle>
<associations>
<colAssociation fkAssociation="F7ECE88B-57A9-2841-680A-1E4105BF483C" referredColumn="5BDA8EF3-B16A-880C-213B-B44FD195F7F8"/>
</associations>
</Column>
<Column name="AFP_id_afp" id="38E545AF-F0B3-1A39-A8E2-AD1B3420FE26">
<createdBy>saulg</createdBy>
<createdTime>2025-10-12 16:06:16 UTC</createdTime>
<generatorID>B6D93CF7-8EB3-F8B5-9D2D-D2110075B7AB</generatorID>
<ownerDesignName>EFT_S9_Saul_gatica</ownerDesignName>
<useDomainConstraints>false</useDomainConstraints>
<use>1</use>
<logicalDatatype>LOGDT011</logicalDatatype>
<ownDataTypeParameters>,,</ownDataTypeParameters>
<previousColumn>false</previousColumn>
<autoIncrementCycle>false</autoIncrementCycle>
<associations>
<colAssociation fkAssociation="768FB32D-58DC-378A-E85E-1CF07010F001" referredColumn="B6915FD7-A52A-4951-97BD-E17BEDDB8F53"/>
</associations>
</Column>
<Column name="SALUD_id_salud" id="35E1E3DB-4669-C94B-C0B7-7C8E34E6C0DE">
<createdBy>saulg</createdBy>
<createdTime>2025-10-12 16:06:16 UTC</createdTime>
<generatorID>F9D40177-CA86-3D73-0C08-321F86891695</generatorID>
<ownerDesignName>EFT_S9_Saul_gatica</ownerDesignName>
<useDomainConstraints>false</useDomainConstraints>
<use>1</use>
<logicalDatatype>LOGDT011</logicalDatatype>
<ownDataTypeParameters>,,</ownDataTypeParameters>
<previousColumn>false</previousColumn>
<autoIncrementCycle>false</autoIncrementCycle>
<associations>
<colAssociation fkAssociation="6F30BFE8-350F-18EB-9604-8AFA1337E296" referredColumn="11A35F25-9C60-291E-3028-2FB5C2691A99"/>
</associations>
</Column>
</columns>
<indexes itemClass="oracle.dbtools.crest.model.design.relational.Index">
<ind_PK_UK id="5BF60FF6-57F8-D88C-2ED1-94009B7E18C4" name="EMPLEADO_PK">
<createdBy>saulg</createdBy>
<createdTime>2025-10-12 14:51:11 UTC</createdTime>
<generatorID>6E3A130C-79EB-61BF-370F-33205C652D3A</generatorID>
<ownerDesignName>EFT_S9_Saul_gatica</ownerDesignName>
<shouldEngineer>false</shouldEngineer>
<pk>true</pk>
<indexState>Primary Constraint</indexState>
<isSurrogateKey>false</isSurrogateKey>
<indexColumnUsage>
<colUsage columnID="5BDA8EF3-B16A-880C-213B-B44FD195F7F8"/>
</indexColumnUsage>
</ind_PK_UK>
<ind_PK_UK id="3C2AC3D2-FACD-349E-F2BE-C4062B91C36E" name="EMPLEADO_PLANTA_FK">
<createdBy>saulg</createdBy>
<createdTime>2025-10-12 14:51:11 UTC</createdTime>
<generatorID>8900CD10-EE2F-BA65-01B9-3CB2DED553FC</generatorID>
<ownerDesignName>EFT_S9_Saul_gatica</ownerDesignName>
<indexState>Foreign Key</indexState>
<isSurrogateKey>false</isSurrogateKey>
<indexColumnUsage>
<colUsage columnID="6774BA7F-0F47-F03D-F06B-E7DE7E6165F8"/>
</indexColumnUsage>
</ind_PK_UK>
<ind_PK_UK id="13155E39-A906-AEBF-1708-6FAE8525B172" name="EMPLEADO_EMPLEADO_FK">
<createdBy>saulg</createdBy>
<createdTime>2025-10-12 14:51:11 UTC</createdTime>
<generatorID>CEE30DDA-6759-8EE2-FB42-B3557AA0FD21</generatorID>
<ownerDesignName>EFT_S9_Saul_gatica</ownerDesignName>
<indexState>Foreign Key</indexState>
<isSurrogateKey>false</isSurrogateKey>
<indexColumnUsage>
<colUsage columnID="B40F0BA0-2C82-BC42-C2EE-F2F98423D18B"/>
</indexColumnUsage>
</ind_PK_UK>
<ind_PK_UK id="53F69EDA-7540-5F3D-02C9-0174FFE87287" name="EMPLEADO_AFP_FK">
<createdBy>saulg</createdBy>
<createdTime>2025-10-12 14:51:11 UTC</createdTime>
<generatorID>8807F8A8-450A-FC7C-64BB-8C0E73139B04</generatorID>
<ownerDesignName>EFT_S9_Saul_gatica</ownerDesignName>
<indexState>Foreign Key</indexState>
<isSurrogateKey>false</isSurrogateKey>
<indexColumnUsage>
<colUsage columnID="0C17FA07-589B-4BB4-776B-2CAD54470A3C"/>
</indexColumnUsage>
</ind_PK_UK>
<ind_PK_UK id="EB34420D-6979-F52A-E762-2731A772417C" name="EMPLEADO_SALUD_FK">
<createdBy>saulg</createdBy>
<createdTime>2025-10-12 14:51:11 UTC</createdTime>
<generatorID>A891DD2E-5521-1251-F7C2-39C8504A45F2</generatorID>
<ownerDesignName>EFT_S9_Saul_gatica</ownerDesignName>
<indexState>Foreign Key</indexState>
<isSurrogateKey>false</isSurrogateKey>
<indexColumnUsage>
<colUsage columnID="64301FF1-C449-CDDB-C3A3-009271668167"/>
</indexColumnUsage>
</ind_PK_UK>
<ind_PK_UK id="48BCED6E-FC61-2060-2327-31C845116000" name="EMPLEADO_EMPLEADO_FKv2">
<createdBy>saulg</createdBy>
<createdTime>2025-10-12 16:06:16 UTC</createdTime>
<generatorID>823BC5DD-545D-1C35-ECC8-56C8E58FB218</generatorID>
<ownerDesignName>EFT_S9_Saul_gatica</ownerDesignName>
<indexState>Foreign Key</indexState>
<isSurrogateKey>false</isSurrogateKey>
<indexColumnUsage>
<colUsage columnID="8C163926-931C-4195-9ED7-7B4A4C400B25"/>
</indexColumnUsage>
</ind_PK_UK>
<ind_PK_UK id="E5BA3547-93C9-06AF-DC23-23D1EE9A0923" name="EMPLEADO_PLANTA_FKv2">
<createdBy>saulg</createdBy>
<createdTime>2025-10-12 16:06:16 UTC</createdTime>
<generatorID>6B3B51FF-2A1F-FFFF-21D6-93F5AA407988</generatorID>
<ownerDesignName>EFT_S9_Saul_gatica</ownerDesignName>
<indexState>Foreign Key</indexState>
<isSurrogateKey>false</isSurrogateKey>
<indexColumnUsage>
<colUsage columnID="072120DE-7322-06F2-71DD-3220E6A0E13B"/>
</indexColumnUsage>
</ind_PK_UK>
<ind_PK_UK id="19A07648-DB4D-8C5E-8656-E8FE11BA0D57" name="EMPLEADO_EMPLEADO_FKv3">
<createdBy>saulg</createdBy>
<createdTime>2025-10-12 16:06:16 UTC</createdTime>
<generatorID>0ED5BABD-C9ED-949D-41DE-603A645AF4DB</generatorID>
<ownerDesignName>EFT_S9_Saul_gatica</ownerDesignName>
<indexState>Foreign Key</indexState>
<isSurrogateKey>false</isSurrogateKey>
<indexColumnUsage>
<colUsage columnID="85E640CC-9DF3-D251-E20A-988C03EE2135"/>
</indexColumnUsage>
</ind_PK_UK>
<ind_PK_UK id="3B995698-6CC2-E17C-16C3-FB3A17137821" name="EMPLEADO_AFP_FKv2">
<createdBy>saulg</createdBy>
<createdTime>2025-10-12 16:06:16 UTC</createdTime>
<generatorID>C3061766-A63F-88FC-E5FE-8C738E5C60F8</generatorID>
<ownerDesignName>EFT_S9_Saul_gatica</ownerDesignName>
<indexState>Foreign Key</indexState>
<isSurrogateKey>false</isSurrogateKey>
<indexColumnUsage>
<colUsage columnID="38E545AF-F0B3-1A39-A8E2-AD1B3420FE26"/>
</indexColumnUsage>
</ind_PK_UK>
<ind_PK_UK id="0F0ED471-A0AE-2DB6-97FB-A0EDD8A56922" name="EMPLEADO_SALUD_FKv2">
<createdBy>saulg</createdBy>
<createdTime>2025-10-12 16:06:16 UTC</createdTime>
<generatorID>D551A30A-BF67-0612-1DDC-C3C4C59CBFC9</generatorID>
<ownerDesignName>EFT_S9_Saul_gatica</ownerDesignName>
<indexState>Foreign Key</indexState>
<isSurrogateKey>false</isSurrogateKey>
<indexColumnUsage>
<colUsage columnID="35E1E3DB-4669-C94B-C0B7-7C8E34E6C0DE"/>
</indexColumnUsage>
</ind_PK_UK>
</indexes>
</Table>