<?xml version = '1.0' encoding = 'UTF-8'?>
<Table class="oracle.dbtools.crest.model.design.relational.Table" directorySegmentName="seg_0" id="C5A857E4-8C63-E78A-ABE9-A9A1BAA541EC" name="ASIGNACION_TURNO">
<createdBy>saulg</createdBy>
<createdTime>2025-10-12 14:51:11 UTC</createdTime>
<generatorID>A1E30E5F-24D8-3E45-E070-E5BA6DDEF342</generatorID>
<ownerDesignName>EFT_S9_Saul_gatica</ownerDesignName>
<allowColumnReorder>false</allowColumnReorder>
<existDependencyGenerateInDDl>true</existDependencyGenerateInDDl>
<parsed>true</parsed>
<columns itemClass="oracle.dbtools.crest.model.design.relational.Column">
<Column name="id_asig" id="65F5DDE8-135A-0C73-CC1E-0195318C3D6E">
<createdBy>saulg</createdBy>
<createdTime>2025-10-12 14:51:11 UTC</createdTime>
<generatorID>1318172E-6EF6-3DB5-AE1A-3654B7056EAD</generatorID>
<ownerDesignName>EFT_S9_Saul_gatica</ownerDesignName>
<useDomainConstraints>false</useDomainConstraints>
<use>1</use>
<logicalDatatype>LOGDT011</logicalDatatype>
<ownDataTypeParameters>,,</ownDataTypeParameters>
<autoIncrementCycle>false</autoIncrementCycle>
</Column>
<Column name="fecha" id="58E86062-9E4F-3090-63A0-6E482FBFE502">
<createdBy>saulg</createdBy>
<createdTime>2025-10-12 14:51:11 UTC</createdTime>
<generatorID>B1E8106A-9CFA-0A5B-64D9-04C32BC58528</generatorID>
<ownerDesignName>EFT_S9_Saul_gatica</ownerDesignName>
<useDomainConstraints>false</useDomainConstraints>
<use>1</use>
<logicalDatatype>LOGDT007</logicalDatatype>
<ownDataTypeParameters>,,</ownDataTypeParameters>
<autoIncrementCycle>false</autoIncrementCycle>
</Column>
<Column name="id_empl" id="6DFF4830-3FB3-00E2-D836-85304997A927">
<createdBy>saulg</createdBy>
<createdTime>2025-10-12 14:51:11 UTC</createdTime>
<generatorID>8D3A44B0-C3C6-4518-D162-1D013B49E1B5</generatorID>
<ownerDesignName>EFT_S9_Saul_gatica</ownerDesignName>
<useDomainConstraints>false</useDomainConstraints>
<use>1</use>
<logicalDatatype>LOGDT011</logicalDatatype>
<ownDataTypeParameters>,,</ownDataTypeParameters>
<autoIncrementCycle>false</autoIncrementCycle>
</Column>
<Column name="id_turno" id="F9110480-6D27-A09B-2C44-0547FD8DCC61">
<createdBy>saulg</createdBy>
<createdTime>2025-10-12 14:51:11 UTC</createdTime>
<generatorID>998EE52C-73DA-6AA0-3FBA-07D38FA9B22C</generatorID>
<ownerDesignName>EFT_S9_Saul_gatica</ownerDesignName>
<useDomainConstraints>false</useDomainConstraints>
<use>1</use>
<logicalDatatype>LOGDT011</logicalDatatype>
<ownDataTypeParameters>,,</ownDataTypeParameters>
<autoIncrementCycle>false</autoIncrementCycle>
</Column>
<Column name="num_maq" id="95B99D75-B974-BFA6-E3D5-B8FC34E44995">
<createdBy>saulg</createdBy>
<createdTime>2025-10-12 14:51:11 UTC</createdTime>
<generatorID>013CB1E9-D099-96D3-A703-DC859AEDC263</generatorID>
<ownerDesignName>EFT_S9_Saul_gatica</ownerDesignName>
<useDomainConstraints>false</useDomainConstraints>
<use>1</use>
<logicalDatatype>LOGDT011</logicalDatatype>
<ownDataTypeParameters>,,</ownDataTypeParameters>
<autoIncrementCycle>false</autoIncrementCycle>
</Column>
<Column name="id_planta" id="8B6F970B-B083-738D-3727-7FCA77E596FC">
<createdBy>saulg</createdBy>
<createdTime>2025-10-12 14:51:11 UTC</createdTime>
<generatorID>3F7CEC16-B4B3-475E-C1F3-B72057BEFFF1</generatorID>
<ownerDesignName>EFT_S9_Saul_gatica</ownerDesignName>
<useDomainConstraints>false</useDomainConstraints>
<use>1</use>
<logicalDatatype>LOGDT011</logicalDatatype>
<ownDataTypeParameters>,,</ownDataTypeParameters>
<autoIncrementCycle>false</autoIncrementCycle>
</Column>
<Column name="rol_turno" id="535A5A03-359C-A27C-00A8-9EA610F6D53B">
<createdBy>saulg</createdBy>
<createdTime>2025-10-12 14:51:11 UTC</createdTime>
<generatorID>0A5F84D0-95B7-73F1-03B0-19801D00DEF3</generatorID>
<ownerDesignName>EFT_S9_Saul_gatica</ownerDesignName>
<useDomainConstraints>false</useDomainConstraints>
<use>1</use>
<logicalDatatype>LOGDT024</logicalDatatype>
<dataTypeSize>50</dataTypeSize>
<ownDataTypeParameters>50,,</ownDataTypeParameters>
<autoIncrementCycle>false</autoIncrementCycle>
</Column>
<Column name="EMPLEADO_codigo_empleado" id="7C428A87-A4CF-2BBA-DE01-9CBDCF8A7829">
<createdBy>saulg</createdBy>
<createdTime>2025-10-12 14:51:11 UTC</createdTime>
<generatorID>13878E78-A8D1-C539-B32E-44FDA881379D</generatorID>
<ownerDesignName>EFT_S9_Saul_gatica</ownerDesignName>
<useDomainConstraints>false</useDomainConstraints>
<use>1</use>
<logicalDatatype>LOGDT011</logicalDatatype>
<ownDataTypeParameters>,,</ownDataTypeParameters>
<previousColumn>false</previousColumn>
<autoIncrementCycle>false</autoIncrementCycle>
<associations>
<colAssociation fkAssociation="A080948A-13B8-200C-F1AE-7A1BE313325D" referredColumn="5BDA8EF3-B16A-880C-213B-B44FD195F7F8"/>
</associations>
</Column>
<Column name="TURNO_codigo_turno" id="9B5BD321-06BD-D699-819B-C58BBA179F7A">
<createdBy>saulg</createdBy>
<createdTime>2025-10-12 14:51:11 UTC</createdTime>
<generatorID>B2EA1B93-1763-DC28-972C-D4692EC4CD8A</generatorID>
<ownerDesignName>EFT_S9_Saul_gatica</ownerDesignName>
<useDomainConstraints>false</useDomainConstraints>
<use>1</use>
<logicalDatatype>LOGDT011</logicalDatatype>
<ownDataTypeParameters>,,</ownDataTypeParameters>
<previousColumn>false</previousColumn>
<autoIncrementCycle>false</autoIncrementCycle>
<associations>
<colAssociation fkAssociation="3FECD01A-9BC9-11D2-9655-9A024FD209E6" referredColumn="BAE0A27C-FCFD-85F9-E2B1-F3F15FCF0991"/>
</associations>
</Column>
<Column name="MAQUINA_num_maquina" id="928097EB-AA68-F03D-C6BF-23F16A10E606">
<createdBy>saulg</createdBy>
<createdTime>2025-10-12 14:51:11 UTC</createdTime>
<generatorID>45FA3FC7-E345-6357-E89C-5CED2CA4595A</generatorID>
<ownerDesignName>EFT_S9_Saul_gatica</ownerDesignName>
<useDomainConstraints>false</useDomainConstraints>
<use>1</use>
<logicalDatatype>LOGDT011</logicalDatatype>
<ownDataTypeParameters>,,</ownDataTypeParameters>
<previousColumn>false</previousColumn>
<autoIncrementCycle>false</autoIncrementCycle>
<associations>
<colAssociation fkAssociation="C8A426F4-4E3C-7B7D-A5DC-A49AFFBA5B77" referredColumn="2CE7FEF9-3179-2E8E-8F3A-9162DA417DC4"/>
</associations>
</Column>
<Column name="MAQUINA_codigo_planta" id="AB9608B1-3D35-42B9-FAC3-61C70D623261">
<createdBy>saulg</createdBy>
<createdTime>2025-10-12 14:51:11 UTC</createdTime>
<generatorID>DA03A7E3-09F3-31BE-F56C-F2B5BBA1D87D</generatorID>
<ownerDesignName>EFT_S9_Saul_gatica</ownerDesignName>
<useDomainConstraints>false</useDomainConstraints>
<use>1</use>
<logicalDatatype>LOGDT011</logicalDatatype>
<ownDataTypeParameters>,,</ownDataTypeParameters>
<previousColumn>false</previousColumn>
<autoIncrementCycle>false</autoIncrementCycle>
<associations>
<colAssociation fkAssociation="C8A426F4-4E3C-7B7D-A5DC-A49AFFBA5B77" referredColumn="E5AB472B-F987-C287-7F37-78B8A6D67847"/>
</associations>
</Column>
<Column name="EMPLEADO_id_empleado" id="5A3BE776-8796-F0BE-351A-B6FE55F08904">
<createdBy>saulg</createdBy>
<createdTime>2025-10-12 16:06:16 UTC</createdTime>
<generatorID>8BBEE42E-B781-C1D1-5492-58D6D5EF4812</generatorID>
<ownerDesignName>EFT_S9_Saul_gatica</ownerDesignName>
<useDomainConstraints>false</useDomainConstraints>
<use>1</use>
<logicalDatatype>LOGDT011</logicalDatatype>
<ownDataTypeParameters>,,</ownDataTypeParameters>
<previousColumn>false</previousColumn>
<autoIncrementCycle>false</autoIncrementCycle>
<associations>
<colAssociation fkAssociation="280EFBB6-AA7B-4017-A728-4BFFAB55E70E" referredColumn="5BDA8EF3-B16A-880C-213B-B44FD195F7F8"/>
</associations>
</Column>
<Column name="TURNO_id_turno" id="D5EA06C5-E425-D885-DE55-B0C7A66082CB">
<createdBy>saulg</createdBy>
<createdTime>2025-10-12 16:06:16 UTC</createdTime>
<generatorID>3D7059E3-8D99-7DC4-7E09-88939F01B814</generatorID>
<ownerDesignName>EFT_S9_Saul_gatica</ownerDesignName>
<useDomainConstraints>false</useDomainConstraints>
<use>1</use>
<logicalDatatype>LOGDT011</logicalDatatype>
<ownDataTypeParameters>,,</ownDataTypeParameters>
<previousColumn>false</previousColumn>
<autoIncrementCycle>false</autoIncrementCycle>
<associations>
<colAssociation fkAssociation="6C4EE356-0516-A02E-0BE8-4EDA435A3E98" referredColumn="BAE0A27C-FCFD-85F9-E2B1-F3F15FCF0991"/>
</associations>
</Column>
<Column name="MAQUINA_n_maq" id="6F5461EE-964D-A85F-6E3E-176AD2056D8D">
<createdBy>saulg</createdBy>
<createdTime>2025-10-12 16:06:16 UTC</createdTime>
<generatorID>997774EB-5112-F3C6-5C16-5E8E597C4B10</generatorID>
<ownerDesignName>EFT_S9_Saul_gatica</ownerDesignName>
<useDomainConstraints>false</useDomainConstraints>
<use>1</use>
<logicalDatatype>LOGDT011</logicalDatatype>
<ownDataTypeParameters>,,</ownDataTypeParameters>
<previousColumn>false</previousColumn>
<autoIncrementCycle>false</autoIncrementCycle>
<associations>
<colAssociation fkAssociation="4C794ECA-17B7-4555-EFF8-8CD04EB98549" referredColumn="2CE7FEF9-3179-2E8E-8F3A-9162DA417DC4"/>
</associations>
</Column>
<Column name="MAQUINA_id_planta" id="A3320537-4FB9-C4B5-5652-552F2A9119AB">
<createdBy>saulg</createdBy>
<createdTime>2025-10-12 16:06:16 UTC</createdTime>
<generatorID>5BF8D4C3-F2D5-E33E-9942-7738066C7805</generatorID>
<ownerDesignName>EFT_S9_Saul_gatica</ownerDesignName>
<useDomainConstraints>false</useDomainConstraints>
<use>1</use>
<logicalDatatype>LOGDT011</logicalDatatype>
<ownDataTypeParameters>,,</ownDataTypeParameters>
<previousColumn>false</previousColumn>
<autoIncrementCycle>false</autoIncrementCycle>
<associations>
<colAssociation fkAssociation="4C794ECA-17B7-4555-EFF8-8CD04EB98549" referredColumn="E5AB472B-F987-C287-7F37-78B8A6D67847"/>
</associations>
</Column>
</columns>
<indexes itemClass="oracle.dbtools.crest.model.design.relational.Index">
<ind_PK_UK id="2B0CA240-757F-2E51-7451-27309C38EF97" name="ASIGNACION_TURNO_PK">
<createdBy>saulg</createdBy>
<createdTime>2025-10-12 14:51:11 UTC</createdTime>
<generatorID>8C0F89F2-18DA-44A2-E0A3-E19D1196F193</generatorID>
<ownerDesignName>EFT_S9_Saul_gatica</ownerDesignName>
<pk>true</pk>
<indexState>Primary Constraint</indexState>
<isSurrogateKey>false</isSurrogateKey>
<indexColumnUsage>
<colUsage columnID="65F5DDE8-135A-0C73-CC1E-0195318C3D6E"/>
</indexColumnUsage>
</ind_PK_UK>
<ind_PK_UK id="75ADAD46-C136-8399-D846-2EC1E116B395" name="ASIGNACION_TURNO__UN">
<createdBy>saulg</createdBy>
<createdTime>2025-10-12 14:57:28 UTC</createdTime>
<ownerDesignName>EFT_S9_Saul_gatica</ownerDesignName>
<indexState>Unique Constraint</indexState>
<isSurrogateKey>false</isSurrogateKey>
<indexColumnUsage>
<colUsage columnID="6DFF4830-3FB3-00E2-D836-85304997A927"/>
<colUsage columnID="58E86062-9E4F-3090-63A0-6E482FBFE502"/>
</indexColumnUsage>
</ind_PK_UK>
<ind_PK_UK id="5FDBB4C2-C41A-8783-60B4-9BE038F1366B" name="AS_T_EMPL_FK">
<createdBy>saulg</createdBy>
<createdTime>2025-10-12 14:51:11 UTC</createdTime>
<generatorID>FA8A4436-65DE-D7D1-4D22-2139E0E95092</generatorID>
<ownerDesignName>EFT_S9_Saul_gatica</ownerDesignName>
<indexState>Foreign Key</indexState>
<isSurrogateKey>false</isSurrogateKey>
<indexColumnUsage>
<colUsage columnID="7C428A87-A4CF-2BBA-DE01-9CBDCF8A7829"/>
</indexColumnUsage>
</ind_PK_UK>
<ind_PK_UK id="D819A0E6-6546-55F6-09A1-260F03270E8B" name="AS_T_T_FK">
<createdBy>saulg</createdBy>
<createdTime>2025-10-12 14:51:11 UTC</createdTime>
<generatorID>9BE69225-739C-3C4D-2ABE-AA9C3AE7B7AC</generatorID>
<ownerDesignName>EFT_S9_Saul_gatica</ownerDesignName>
<indexState>Foreign Key</indexState>
<isSurrogateKey>false</isSurrogateKey>
<indexColumnUsage>
<colUsage columnID="9B5BD321-06BD-D699-819B-C58BBA179F7A"/>
</indexColumnUsage>
</ind_PK_UK>
<ind_PK_UK id="6D58561C-229E-C7C9-76FE-4EC9AB0FBDC6" name="AS_T_MAQ_FK">
<createdBy>saulg</createdBy>
<createdTime>2025-10-12 14:51:11 UTC</createdTime>
<generatorID>2F2EA64F-F73B-B663-9454-D176A13CE4B5</generatorID>
<ownerDesignName>EFT_S9_Saul_gatica</ownerDesignName>
<indexState>Foreign Key</indexState>
<isSurrogateKey>false</isSurrogateKey>
<indexColumnUsage>
<colUsage columnID="928097EB-AA68-F03D-C6BF-23F16A10E606"/>
<colUsage columnID="AB9608B1-3D35-42B9-FAC3-61C70D623261"/>
</indexColumnUsage>
</ind_PK_UK>
<ind_PK_UK id="10489FE2-E1FD-78F0-EA96-61E68B0FCFDF" name="ASIGNACION_TURNO_EMPLEADO_FK">
<createdBy>saulg</createdBy>
<createdTime>2025-10-12 16:06:16 UTC</createdTime>
<generatorID>73E57546-E2DF-DB70-170A-E2F43D318DB5</generatorID>
<ownerDesignName>EFT_S9_Saul_gatica</ownerDesignName>
<indexState>Foreign Key</indexState>
<isSurrogateKey>false</isSurrogateKey>
<indexColumnUsage>
<colUsage columnID="5A3BE776-8796-F0BE-351A-B6FE55F08904"/>
</indexColumnUsage>
</ind_PK_UK>
<ind_PK_UK id="6DE6812B-0361-7749-F4EC-E8D1F7C9E30B" name="ASIGNACION_TURNO_TURNO_FK">
<createdBy>saulg</createdBy>
<createdTime>2025-10-12 16:06:16 UTC</createdTime>
<generatorID>CEE3DDAB-0BE6-D58C-6EDA-27D0D705F889</generatorID>
<ownerDesignName>EFT_S9_Saul_gatica</ownerDesignName>
<indexState>Foreign Key</indexState>
<isSurrogateKey>false</isSurrogateKey>
<indexColumnUsage>
<colUsage columnID="D5EA06C5-E425-D885-DE55-B0C7A66082CB"/>
</indexColumnUsage>
</ind_PK_UK>
<ind_PK_UK id="7E4BDAAD-772E-A62F-B8F4-300A95EA53D2" name="ASIGNACION_TURNO_MAQUINA_FK">
<createdBy>saulg</createdBy>
<createdTime>2025-10-12 16:06:16 UTC</createdTime>
<generatorID>BE7DD495-A0F0-197B-48A2-DA880BBE29CF</generatorID>
<ownerDesignName>EFT_S9_Saul_gatica</ownerDesignName>
<indexState>Foreign Key</indexState>
<isSurrogateKey>false</isSurrogateKey>
<indexColumnUsage>
<colUsage columnID="6F5461EE-964D-A85F-6E3E-176AD2056D8D"/>
<colUsage columnID="A3320537-4FB9-C4B5-5652-552F2A9119AB"/>
</indexColumnUsage>
</ind_PK_UK>
</indexes>
</Table>