<?xml version = '1.0' encoding = 'UTF-8'?>
<Table class="oracle.dbtools.crest.model.design.relational.Table" directorySegmentName="seg_0" id="D653DE16-9A96-C499-96C0-70C38DC8E007" name="TECNICO_MANTENCION">
<createdBy>saulg</createdBy>
<createdTime>2025-10-12 14:51:11 UTC</createdTime>
<generatorID>596425EB-3356-F94F-C72C-340397C7CAFE</generatorID>
<ownerDesignName>EFT_S9_Saul_gatica</ownerDesignName>
<allowColumnReorder>false</allowColumnReorder>
<existDependencyGenerateInDDl>true</existDependencyGenerateInDDl>
<parsed>true</parsed>
<columns itemClass="oracle.dbtools.crest.model.design.relational.Column">
<Column name="codigo_empleado" id="E4B22E03-B0DD-B456-1691-97C4B5A73506">
<createdBy>saulg</createdBy>
<createdTime>2025-10-12 14:51:11 UTC</createdTime>
<generatorID>6D50E5C8-B1C5-35D5-299E-6E12915E7023</generatorID>
<ownerDesignName>EFT_S9_Saul_gatica</ownerDesignName>
<shouldEngineer>false</shouldEngineer>
<useDomainConstraints>false</useDomainConstraints>
<use>1</use>
<logicalDatatype>LOGDT011</logicalDatatype>
<ownDataTypeParameters>,,</ownDataTypeParameters>
<autoIncrementCycle>false</autoIncrementCycle>
<associations>
<colAssociation fkAssociation="C73B01BC-6E6A-167D-24DC-E26C9C0D698F" referredColumn="5BDA8EF3-B16A-880C-213B-B44FD195F7F8"/>
</associations>
</Column>
<Column name="id_empleado" id="1A2408A1-98CE-B75B-C7B6-E5A4AADE0AAC">
<createdBy>saulg</createdBy>
<createdTime>2025-10-12 14:51:11 UTC</createdTime>
<generatorID>4757AD96-F9A5-8A0A-7A4A-3D7C63D9FD5A</generatorID>
<ownerDesignName>EFT_S9_Saul_gatica</ownerDesignName>
<useDomainConstraints>false</useDomainConstraints>
<use>1</use>
<logicalDatatype>LOGDT011</logicalDatatype>
<ownDataTypeParameters>,,</ownDataTypeParameters>
<autoIncrementCycle>false</autoIncrementCycle>
</Column>
<Column name="especialidad" id="8343BD5C-43F1-A1C5-25AC-C17BAE1BF694">
<createdBy>saulg</createdBy>
<createdTime>2025-10-12 14:51:11 UTC</createdTime>
<generatorID>7FCB2B3F-3031-B695-4FBA-0E5A46295876</generatorID>
<ownerDesignName>EFT_S9_Saul_gatica</ownerDesignName>
<useDomainConstraints>false</useDomainConstraints>
<use>1</use>
<logicalDatatype>LOGDT024</logicalDatatype>
<dataTypeSize>50</dataTypeSize>
<ownDataTypeParameters>50,,</ownDataTypeParameters>
<autoIncrementCycle>false</autoIncrementCycle>
</Column>
<Column name="nivel_certificacion" id="A961462D-F558-80AA-A6F7-BD342CD77C39">
<createdBy>saulg</createdBy>
<createdTime>2025-10-12 14:51:11 UTC</createdTime>
<generatorID>B2D13FFA-365D-9331-520D-54D57932C609</generatorID>
<ownerDesignName>EFT_S9_Saul_gatica</ownerDesignName>
<nullsAllowed>true</nullsAllowed>
<useDomainConstraints>false</useDomainConstraints>
<use>1</use>
<logicalDatatype>LOGDT024</logicalDatatype>
<dataTypeSize>50</dataTypeSize>
<ownDataTypeParameters>50,,</ownDataTypeParameters>
<autoIncrementCycle>false</autoIncrementCycle>
</Column>
<Column name="tiempo_respuesta" id="FFB2D058-86DD-9804-BD8F-93F7E85AEEA9">
<createdBy>saulg</createdBy>
<createdTime>2025-10-12 14:51:11 UTC</createdTime>
<generatorID>22CB3BD9-B6A6-4018-BE16-35A14227065D</generatorID>
<ownerDesignName>EFT_S9_Saul_gatica</ownerDesignName>
<useDomainConstraints>false</useDomainConstraints>
<use>1</use>
<logicalDatatype>LOGDT025</logicalDatatype>
<dataTypeSize>5</dataTypeSize>
<ownDataTypeParameters>5,,</ownDataTypeParameters>
<autoIncrementCycle>false</autoIncrementCycle>
</Column>
</columns>
<indexes itemClass="oracle.dbtools.crest.model.design.relational.Index">
<ind_PK_UK id="A4B5B31B-6A90-12D1-2AD6-F00D23851058" name="TECNICO_MANTENCION_PK">
<createdBy>saulg</createdBy>
<createdTime>2025-10-12 14:51:11 UTC</createdTime>
<generatorID>6E3A130C-79EB-61BF-370F-33205C652D3A</generatorID>
<ownerDesignName>EFT_S9_Saul_gatica</ownerDesignName>
<shouldEngineer>false</shouldEngineer>
<pk>true</pk>
<indexState>Primary Constraint</indexState>
<isSurrogateKey>false</isSurrogateKey>
<indexColumnUsage>
<colUsage columnID="E4B22E03-B0DD-B456-1691-97C4B5A73506"/>
</indexColumnUsage>
</ind_PK_UK>
<ind_PK_UK id="D22B0AD3-E014-CF93-4F85-94FF6B714801" name="TECNICO_MANTENCION_PKv1">
<createdBy>saulg</createdBy>
<createdTime>2025-10-12 14:51:11 UTC</createdTime>
<generatorID>7F2C972C-700F-2F6B-31D6-AB8D33160100</generatorID>
<ownerDesignName>EFT_S9_Saul_gatica</ownerDesignName>
<shouldEngineer>false</shouldEngineer>
<indexState>Unique Constraint</indexState>
<isSurrogateKey>false</isSurrogateKey>
<indexColumnUsage>
<colUsage columnID="1A2408A1-98CE-B75B-C7B6-E5A4AADE0AAC"/>
</indexColumnUsage>
</ind_PK_UK>
<ind_PK_UK id="899BED87-93A0-FCA4-2BB9-02084A29869C" name="TECNICO_MANTENCION_EMPLEADO_FK">
<createdBy>saulg</createdBy>
<createdTime>2025-10-12 14:51:11 UTC</createdTime>
<generatorID>D9892A85-2BC0-C867-1845-07B4546AE2E6</generatorID>
<ownerDesignName>EFT_S9_Saul_gatica</ownerDesignName>
<indexState>Foreign Key</indexState>
<isSurrogateKey>false</isSurrogateKey>
<indexColumnUsage>
<colUsage columnID="E4B22E03-B0DD-B456-1691-97C4B5A73506"/>
</indexColumnUsage>
</ind_PK_UK>
</indexes>
</Table>