<?xml version = '1.0' encoding = 'UTF-8'?>
<Table class="oracle.dbtools.crest.model.design.relational.Table" directorySegmentName="seg_0" id="E4B76F9D-7126-D258-0C0F-5ECBF9329B80" name="Region">
<createdBy>saulg</createdBy>
<createdTime>2025-10-12 16:06:16 UTC</createdTime>
<generatorID>2B4E9182-B72B-64CF-DCFB-DF6318B723D5</generatorID>
<ownerDesignName>EFT_S9_Saul_gatica</ownerDesignName>
<ordsAlias>regionv1</ordsAlias>
<allowColumnReorder>false</allowColumnReorder>
<existDependencyGenerateInDDl>true</existDependencyGenerateInDDl>
<parsed>true</parsed>
<columns itemClass="oracle.dbtools.crest.model.design.relational.Column">
<Column name="id_region" id="1CBEC4B2-2E6A-C594-2980-45D2129AC772">
<createdBy>saulg</createdBy>
<createdTime>2025-10-12 16:06:16 UTC</createdTime>
<generatorID>22CF86BD-1B0E-0B66-6953-7198E3BBF3CC</generatorID>
<ownerDesignName>EFT_S9_Saul_gatica</ownerDesignName>
<useDomainConstraints>false</useDomainConstraints>
<use>1</use>
<logicalDatatype>LOGDT011</logicalDatatype>
<ownDataTypeParameters>,,</ownDataTypeParameters>
<autoIncrementCycle>false</autoIncrementCycle>
</Column>
<Column name="nombre_region" id="4B89A0BE-3305-F5E0-1563-59BD3DF991D0">
<createdBy>saulg</createdBy>
<createdTime>2025-10-12 16:06:16 UTC</createdTime>
<generatorID>6B97A8D1-D51A-7580-66F9-143D350ED255</generatorID>
<ownerDesignName>EFT_S9_Saul_gatica</ownerDesignName>
<useDomainConstraints>false</useDomainConstraints>
<use>1</use>
<logicalDatatype>LOGDT024</logicalDatatype>
<dataTypeSize>50</dataTypeSize>
<ownDataTypeParameters>50,,</ownDataTypeParameters>
<autoIncrementCycle>false</autoIncrementCycle>
</Column>
</columns>
<indexes itemClass="oracle.dbtools.crest.model.design.relational.Index">
<ind_PK_UK id="D37DAB7B-66EA-78D3-8E81-433A01B00D57" name="Region_PK">
<createdBy>saulg</createdBy>
<createdTime>2025-10-12 16:06:16 UTC</createdTime>
<generatorID>FB57134B-DE0D-67D2-FA94-4A0CF77A1B47</generatorID>
<ownerDesignName>EFT_S9_Saul_gatica</ownerDesignName>
<pk>true</pk>
<indexState>Primary Constraint</indexState>
<isSurrogateKey>false</isSurrogateKey>
<indexColumnUsage>
<colUsage columnID="1CBEC4B2-2E6A-C594-2980-45D2129AC772"/>
</indexColumnUsage>
</ind_PK_UK>
</indexes>
</Table>