<?xml version = '1.0' encoding = 'UTF-8'?>
<Table class="oracle.dbtools.crest.model.design.relational.Table" directorySegmentName="seg_0" id="FC7C9B2E-004C-E70D-604D-932FA99ACEFA" name="MAQUINA">
<createdBy>saulg</createdBy>
<createdTime>2025-10-12 14:51:11 UTC</createdTime>
<generatorID>49C3145C-C5A1-AEC6-6FDF-4DBD637B471B</generatorID>
<ownerDesignName>EFT_S9_Saul_gatica</ownerDesignName>
<allowColumnReorder>false</allowColumnReorder>
<existDependencyGenerateInDDl>true</existDependencyGenerateInDDl>
<parsed>true</parsed>
<columns itemClass="oracle.dbtools.crest.model.design.relational.Column">
<Column name="n_maq" id="2CE7FEF9-3179-2E8E-8F3A-9162DA417DC4">
<createdBy>saulg</createdBy>
<createdTime>2025-10-12 14:51:11 UTC</createdTime>
<generatorID>AB0E4C03-5E04-880C-4E44-166C37210533</generatorID>
<ownerDesignName>EFT_S9_Saul_gatica</ownerDesignName>
<useDomainConstraints>false</useDomainConstraints>
<use>1</use>
<logicalDatatype>LOGDT011</logicalDatatype>
<ownDataTypeParameters>,,</ownDataTypeParameters>
<autoIncrementCycle>false</autoIncrementCycle>
</Column>
<Column name="id_planta" id="E5AB472B-F987-C287-7F37-78B8A6D67847">
<createdBy>saulg</createdBy>
<createdTime>2025-10-12 14:51:11 UTC</createdTime>
<generatorID>5C647897-F515-2199-A04C-BB21BC1ED3E9</generatorID>
<ownerDesignName>EFT_S9_Saul_gatica</ownerDesignName>
<useDomainConstraints>false</useDomainConstraints>
<use>1</use>
<logicalDatatype>LOGDT011</logicalDatatype>
<ownDataTypeParameters>,,</ownDataTypeParameters>
<autoIncrementCycle>false</autoIncrementCycle>
</Column>
<Column name="nombre_maquina" id="C06B30AC-365B-922E-83C7-8D03EAD17089">
<createdBy>saulg</createdBy>
<createdTime>2025-10-12 14:51:11 UTC</createdTime>
<generatorID>9CB81DC2-DAE8-4DA7-0988-817D2E5EF343</generatorID>
<ownerDesignName>EFT_S9_Saul_gatica</ownerDesignName>
<useDomainConstraints>false</useDomainConstraints>
<use>1</use>
<logicalDatatype>LOGDT024</logicalDatatype>
<dataTypeSize>100</dataTypeSize>
<ownDataTypeParameters>100,,</ownDataTypeParameters>
<autoIncrementCycle>false</autoIncrementCycle>
</Column>
<Column name="activo" id="7733E98F-410B-A43F-6EF5-AEA683EF5DC0">
<createdBy>saulg</createdBy>
<createdTime>2025-10-12 14:51:11 UTC</createdTime>
<generatorID>853FDB6C-C9F5-3850-2418-8F7C43A193C0</generatorID>
<ownerDesignName>EFT_S9_Saul_gatica</ownerDesignName>
<useDomainConstraints>false</useDomainConstraints>
<use>1</use>
<logicalDatatype>LOGDT025</logicalDatatype>
<dataTypeSize>1</dataTypeSize>
<ownDataTypeParameters>1,,</ownDataTypeParameters>
<autoIncrementCycle>false</autoIncrementCycle>
</Column>
<Column name="id_tipo" id="0D8630C7-EE83-41B1-D25C-4B65214DBCE5">
<createdBy>saulg</createdBy>
<createdTime>2025-10-12 14:51:11 UTC</createdTime>
<generatorID>B13EA7BB-1A0B-E74F-EE89-386E944CBE79</generatorID>
<ownerDesignName>EFT_S9_Saul_gatica</ownerDesignName>
<useDomainConstraints>false</useDomainConstraints>
<use>1</use>
<logicalDatatype>LOGDT011</logicalDatatype>
<ownDataTypeParameters>,,</ownDataTypeParameters>
<autoIncrementCycle>false</autoIncrementCycle>
</Column>
<Column name="TIPO_MAQUINA_codigo_tipo" id="EA20CA67-FFDB-3E6F-5A8A-558EF86FFB86">
<createdBy>saulg</createdBy>
<createdTime>2025-10-12 14:51:11 UTC</createdTime>
<generatorID>DCC66732-94C6-BDE0-F1C9-C40D6B16A0FB</generatorID>
<ownerDesignName>EFT_S9_Saul_gatica</ownerDesignName>
<useDomainConstraints>false</useDomainConstraints>
<use>1</use>
<logicalDatatype>LOGDT011</logicalDatatype>
<ownDataTypeParameters>,,</ownDataTypeParameters>
<previousColumn>false</previousColumn>
<autoIncrementCycle>false</autoIncrementCycle>
<associations>
<colAssociation fkAssociation="C0A977D0-EAD1-10B7-7081-EECD2F7BAEEC" referredColumn="EA90E9BC-BA6B-2E52-CDF0-B06AF953A941"/>
</associations>
</Column>
<Column name="PLANTA_id_planta" id="F891590C-0005-3A01-1AD1-7D77E5155C3A">
<createdBy>saulg</createdBy>
<createdTime>2025-10-12 14:51:11 UTC</createdTime>
<generatorID>1D33EB65-25ED-0893-9E18-60F0A44A805E</generatorID>
<ownerDesignName>EFT_S9_Saul_gatica</ownerDesignName>
<useDomainConstraints>false</useDomainConstraints>
<use>1</use>
<logicalDatatype>LOGDT011</logicalDatatype>
<ownDataTypeParameters>,,</ownDataTypeParameters>
<previousColumn>false</previousColumn>
<autoIncrementCycle>false</autoIncrementCycle>
<associations>
<colAssociation fkAssociation="8DA3DEDC-BDCE-A0CF-5487-EFBAD61BA195" referredColumn="15E05932-EE89-79AC-5289-DC7479F96370"/>
</associations>
</Column>
<Column name="TIPO_MAQUINA_id_tipo" id="D09EA7FF-7BB4-E853-705D-F0AAA14811B6">
<createdBy>saulg</createdBy>
<createdTime>2025-10-12 16:06:16 UTC</createdTime>
<generatorID>9AC8D226-DA80-8549-201E-1F14A650152A</generatorID>
<ownerDesignName>EFT_S9_Saul_gatica</ownerDesignName>
<useDomainConstraints>false</useDomainConstraints>
<use>1</use>
<logicalDatatype>LOGDT011</logicalDatatype>
<ownDataTypeParameters>,,</ownDataTypeParameters>
<previousColumn>false</previousColumn>
<autoIncrementCycle>false</autoIncrementCycle>
<associations>
<colAssociation fkAssociation="A0D7FE36-35EE-D5A8-EFC8-0F9F4715F4D4" referredColumn="EA90E9BC-BA6B-2E52-CDF0-B06AF953A941"/>
</associations>
</Column>
<Column name="PLANTA_id_planta2" id="DB4DA241-8977-B470-95E7-78DC1969C5BF">
<createdBy>saulg</createdBy>
<createdTime>2025-10-12 16:06:16 UTC</createdTime>
<generatorID>53584B39-20E1-C2C8-C96B-E694A4FEFB51</generatorID>
<ownerDesignName>EFT_S9_Saul_gatica</ownerDesignName>
<useDomainConstraints>false</useDomainConstraints>
<use>1</use>
<logicalDatatype>LOGDT011</logicalDatatype>
<ownDataTypeParameters>,,</ownDataTypeParameters>
<previousColumn>false</previousColumn>
<autoIncrementCycle>false</autoIncrementCycle>
<associations>
<colAssociation fkAssociation="07305007-4A71-13CA-4233-4D415B091B82" referredColumn="15E05932-EE89-79AC-5289-DC7479F96370"/>
</associations>
</Column>
</columns>
<indexes itemClass="oracle.dbtools.crest.model.design.relational.Index">
<ind_PK_UK id="1FF5795C-8809-EBC8-2AAF-35DBB5D67667" name="MAQUINA_PK">
<createdBy>saulg</createdBy>
<createdTime>2025-10-12 14:51:11 UTC</createdTime>
<generatorID>44C8A8C7-67CD-0DB9-B80E-A8E1CBC947E3</generatorID>
<ownerDesignName>EFT_S9_Saul_gatica</ownerDesignName>
<pk>true</pk>
<indexState>Primary Constraint</indexState>
<isSurrogateKey>false</isSurrogateKey>
<indexColumnUsage>
<colUsage columnID="2CE7FEF9-3179-2E8E-8F3A-9162DA417DC4"/>
<colUsage columnID="E5AB472B-F987-C287-7F37-78B8A6D67847"/>
</indexColumnUsage>
</ind_PK_UK>
<ind_PK_UK id="FA3160F4-8105-1C4A-C66E-B2364343E9CE" name="MAQUINA_PLANTA_FK">
<createdBy>saulg</createdBy>
<createdTime>2025-10-12 14:51:11 UTC</createdTime>
<generatorID>53F8F88E-9F7C-6895-563D-BEA50E01ABFD</generatorID>
<ownerDesignName>EFT_S9_Saul_gatica</ownerDesignName>
<indexState>Foreign Key</indexState>
<isSurrogateKey>false</isSurrogateKey>
<indexColumnUsage>
<colUsage columnID="F891590C-0005-3A01-1AD1-7D77E5155C3A"/>
</indexColumnUsage>
</ind_PK_UK>
<ind_PK_UK id="2D27B1EF-0CB8-81BA-A5D3-F9633F7AB9A8" name="MAQUINA_TIPO_MAQUINA_FK">
<createdBy>saulg</createdBy>
<createdTime>2025-10-12 14:51:11 UTC</createdTime>
<generatorID>5B72695F-9DAC-83C5-4A33-90DFF1B5BDDB</generatorID>
<ownerDesignName>EFT_S9_Saul_gatica</ownerDesignName>
<indexState>Foreign Key</indexState>
<isSurrogateKey>false</isSurrogateKey>
<indexColumnUsage>
<colUsage columnID="EA20CA67-FFDB-3E6F-5A8A-558EF86FFB86"/>
</indexColumnUsage>
</ind_PK_UK>
<ind_PK_UK id="553157F1-191F-EEA4-3B8A-388EB703306B" name="MAQUINA_TIPO_MAQUINA_FKv2">
<createdBy>saulg</createdBy>
<createdTime>2025-10-12 16:06:16 UTC</createdTime>
<generatorID>117B658D-D207-EC39-1D87-460ADCA60DF3</generatorID>
<ownerDesignName>EFT_S9_Saul_gatica</ownerDesignName>
<indexState>Foreign Key</indexState>
<isSurrogateKey>false</isSurrogateKey>
<indexColumnUsage>
<colUsage columnID="D09EA7FF-7BB4-E853-705D-F0AAA14811B6"/>
</indexColumnUsage>
</ind_PK_UK>
<ind_PK_UK id="A8A819D2-B753-D9C9-283C-071F0F811A45" name="MAQUINA_PLANTA_FKv2">
<createdBy>saulg</createdBy>
<createdTime>2025-10-12 16:06:16 UTC</createdTime>
<generatorID>83C53176-1198-C889-AB9D-FC3526FC32FF</generatorID>
<ownerDesignName>EFT_S9_Saul_gatica</ownerDesignName>
<indexState>Foreign Key</indexState>
<isSurrogateKey>false</isSurrogateKey>
<indexColumnUsage>
<colUsage columnID="DB4DA241-8977-B470-95E7-78DC1969C5BF"/>
</indexColumnUsage>
</ind_PK_UK>
</indexes>
</Table>